version_uri,date,author_ar,author_lat,book,title_ar,title_lat,ed_info,id,status,tok_length,local_path,tags,author_from_uri,author_lat_shuhra,author_lat_full_name,char_length,author_uri
0696IbrahimDasuqi.JawharaMudia.eScr20112522-ara1,696,,Ibrahim Dasuqi,0696IbrahimDasuqi.JawharaMudia,,Jawhara Mudia,http://www.worldcat.org/oclc/4770538602,eScr20112522,pri,92974.0,https://raw.githubusercontent.com/OpenITI/0700AH/master/data/0696IbrahimDasuqi/0696IbrahimDasuqi.JawharaMudia/0696IbrahimDasuqi.JawharaMudia.eScr20112522-ara1,:: UNCORRECTED_OCR,Ibrahim Dasuqi,,,402611.0,0696IbrahimDasuqi
0692IbnCabdZahir.RawdZahir.GVDB20200120-ara1,692,محيي الدين ابن عبد الظاهر :: محيي الدين أبو الفضل عبدالله بن رشيد الدين بن عبد الظاهر بن نشوان بن عبد الظاهر بن نجدة السعدي، الروحي، الجذامي,"Ibn Cabd Zahir :: Muḥyī al-Dīn Ibn ʿAbd al-Ẓāhir :: Muḥyī al-Dīn Abū al-Faḍl ʿAbdallāh b. Rašīd al-Dīn b. ʿAbd al-Ẓāhir b. Našwān b. ʿAbd al-Ẓāhir b. Naǧdaŧ al-Saʿdī, al-Rawḥī, al-Ǧuḏāmī",0692IbnCabdZahir.RawdZahir,الروض الزاهر في سيرة الملك الظاهر,al-Rawḍ al-zāhir fī sīraŧ al-malik al-Ẓāhir,http://www.worldcat.org/oclc/23695455,GVDB20200120,pri,75648.0,https://raw.githubusercontent.com/OpenITI/0700AH/master/data/0692IbnCabdZahir/0692IbnCabdZahir.RawdZahir/0692IbnCabdZahir.RawdZahir.GVDB20200120-ara1.mARkdown,MARKDOWN ::  :: GVDB@historiography ::  GVDB@biography ::  src@keyword :: NO_MAJOR_ISSUES,Ibn Cabd Zahir,Muḥyī al-Dīn Ibn ʿAbd al-Ẓāhir,"Muḥyī al-Dīn Abū al-Faḍl ʿAbdallāh b. Rašīd al-Dīn b. ʿAbd al-Ẓāhir b. Našwān b. ʿAbd al-Ẓāhir b. Naǧdaŧ al-Saʿdī, al-Rawḥī, al-Ǧuḏāmī",337178.0,0692IbnCabdZahir
0692IbnCabdZahir.TashrifAyyam.GVDB20200720-ara1,692,محيي الدين ابن عبد الظاهر :: محيي الدين أبو الفضل عبدالله بن رشيد الدين بن عبد الظاهر بن نشوان بن عبد الظاهر بن نجدة السعدي، الروحي، الجذامي,"Ibn Cabd Zahir :: Muḥyī al-Dīn Ibn ʿAbd al-Ẓāhir :: Muḥyī al-Dīn Abū al-Faḍl ʿAbdallāh b. Rašīd al-Dīn b. ʿAbd al-Ẓāhir b. Našwān b. ʿAbd al-Ẓāhir b. Naǧdaŧ al-Saʿdī, al-Rawḥī, al-Ǧuḏāmī",0692IbnCabdZahir.TashrifAyyam,تشريف الأيام والعصور بسيرة السلطان ال¶    ملك المنصور :: السيرة السلطانية الملكية المنصورية,Tašrīf al-ayyām wa-l-ʿuṣūr bi-sīraŧ al-sulṭān al-¶    Malik al-Manṣūr :: al-Sīraŧ al-sulṭāniyyaŧ al-Malikiyyaŧ al-Manṣūriyyaŧ,http://www.worldcat.org/oclc/63163399,GVDB20200720,pri,34693.0,https://raw.githubusercontent.com/OpenITI/0700AH/master/data/0692IbnCabdZahir/0692IbnCabdZahir.TashrifAyyam/0692IbnCabdZahir.TashrifAyyam.GVDB20200720-ara1,:: GVDB@historiography ::  GVDB@biography ::  src@keyword :: MANY_TYPOS,Ibn Cabd Zahir,Muḥyī al-Dīn Ibn ʿAbd al-Ẓāhir,"Muḥyī al-Dīn Abū al-Faḍl ʿAbdallāh b. Rašīd al-Dīn b. ʿAbd al-Ẓāhir b. Našwān b. ʿAbd al-Ẓāhir b. Naǧdaŧ al-Saʿdī, al-Rawḥī, al-Ǧuḏāmī",154945.0,0692IbnCabdZahir
0676Nawawi.TahrirAlfaz.JK000168-ara1,676,النووي :: محيي الدين أبو زكريا يحيى بن شرف بن مري بن حسن بن حسين بن محمد بن جمعة بن حزام الحزامي، الدمشقي,"Nawawi :: al-Nawawī :: Muḥyī al-dīn Abū Zakariyyā Yaḥyá b. Šaraf b. Murī b. Ḥasan b. Ḥusayn b. Muḥammad b. Ǧumʿaŧ b. Ḥizām al-Ḥizāmī, al-Dimašqī",0676Nawawi.TahrirAlfaz,تحرير ألفاظ التنبيه (لغة الفقه) :: تحرير ألفاظ التنبيه,Tahrir Alfaz,عبد الغني الدقر :: دمشق :: 1408 :: دار القلم,JK000168,pri,40944.0,https://raw.githubusercontent.com/OpenITI/0700AH/master/data/0676Nawawi/0676Nawawi.TahrirAlfaz/0676Nawawi.TahrirAlfaz.JK000168-ara1,CENT0700 :: _FIQH :: _GHARIB :: _LUGHA :: _MACAJIM :: _MUSTALAHAT :: GAL@literature-islamic :: GAL@1000-1258CE :: GAL@literature-arabic :: GAL@period-postclassical :: GAL@shafiis :: GAL@fiqh :: JK@المعاجم والغريب :: JK@كتب المعاجم والغريب والمصطلحات :: JK@لغة الفقه,Nawawi,al-Nawawī,"Muḥyī al-dīn Abū Zakariyyā Yaḥyá b. Šaraf b. Murī b. Ḥasan b. Ḥusayn b. Muḥammad b. Ǧumʿaŧ b. Ḥizām al-Ḥizāmī, al-Dimašqī",183307.0,0676Nawawi
0676Nawawi.UsulWaDawabit.JK000177-ara1,676,النووي :: محيي الدين أبو زكريا يحيى بن شرف بن مري بن حسن بن حسين بن محمد بن جمعة بن حزام الحزامي، الدمشقي,"Nawawi :: al-Nawawī :: Muḥyī al-dīn Abū Zakariyyā Yaḥyá b. Šaraf b. Murī b. Ḥasan b. Ḥusayn b. Muḥammad b. Ǧumʿaŧ b. Ḥizām al-Ḥizāmī, al-Dimašqī",0676Nawawi.UsulWaDawabit,الأصول والضوابط,Usul Wa Dawabit,د. محمد حسن هيتو :: بيروت :: 1406 :: دار البشائر الإسلامية,JK000177,pri,1494.0,https://raw.githubusercontent.com/OpenITI/0700AH/master/data/0676Nawawi/0676Nawawi.UsulWaDawabit/0676Nawawi.UsulWaDawabit.JK000177-ara1,CENT0700 :: _FIQH :: _QAWACID :: _USUL :: GAL@literature-islamic :: GAL@1000-1258CE :: GAL@literature-arabic :: GAL@period-postclassical :: GAL@shafiis :: GAL@fiqh :: JK@أصول الفقه :: JK@الكتب الجامعة لأصول الفقه :: JK@كتب أصول الفقه الإسلامي,Nawawi,al-Nawawī,"Muḥyī al-dīn Abū Zakariyyā Yaḥyá b. Šaraf b. Murī b. Ḥasan b. Ḥusayn b. Muḥammad b. Ǧumʿaŧ b. Ḥizām al-Ḥizāmī, al-Dimašqī",6865.0,0676Nawawi
0676Nawawi.AdabFatwa.JK000237-ara1,676,النووي :: محيي الدين أبو زكريا يحيى بن شرف بن مري بن حسن بن حسين بن محمد بن جمعة بن حزام الحزامي، الدمشقي,"Nawawi :: al-Nawawī :: Muḥyī al-dīn Abū Zakariyyā Yaḥyá b. Šaraf b. Murī b. Ḥasan b. Ḥusayn b. Muḥammad b. Ǧumʿaŧ b. Ḥizām al-Ḥizāmī, al-Dimašqī",0676Nawawi.AdabFatwa,آداب الفتوى والمفتي والمستفتي :: آداب الفتوى,Adab Fatwa,بسام عبد الوهاب الجابي :: دمشق :: 1408 :: دار الفكر,JK000237,pri,8108.0,https://raw.githubusercontent.com/OpenITI/0700AH/master/data/0676Nawawi/0676Nawawi.AdabFatwa/0676Nawawi.AdabFatwa.JK000237-ara1,CENT0700 :: _FIQH :: _MASAIL :: _QAWACID :: _USUL :: _USULIYYA :: GAL@nodata :: JK@كتب أصول الفقه الإسلامي :: JK@مسائل أصولية :: JK@مسائل فقهية وأصولية,Nawawi,al-Nawawī,"Muḥyī al-dīn Abū Zakariyyā Yaḥyá b. Šaraf b. Murī b. Ḥasan b. Ḥusayn b. Muḥammad b. Ǧumʿaŧ b. Ḥizām al-Ḥizāmī, al-Dimašqī",33839.0,0676Nawawi
0692TaqiDinIscirdi.FadailKitabJamic.JK000648-ara1,692,عبيد بن محمد الإسعردي :: الإسعردي,Taqi Din Iscirdi,0692TaqiDinIscirdi.FadailKitabJamic,فضائل الكتاب الجامع :: فضائل الكتاب الجامع لأبي عيسى الترمذي,Fadail Kitab Jamic,"صبحي السامرائي :: بيروت :: 1409 :: عالم الكتب , مكتبة النهضة العربية",JK000648,pri,4728.0,https://raw.githubusercontent.com/OpenITI/0700AH/master/data/0692TaqiDinIscirdi/0692TaqiDinIscirdi.FadailKitabJamic/0692TaqiDinIscirdi.FadailKitabJamic.JK000648-ara1,CENT0700 :: _CULUM :: _HADITH :: _MUSTALAHAT :: _SUNNI :: GAL@nodata :: JK@كتب مصطح الحديث :: JK@مسائل في المصطلح :: JK@مصطلح الحديث,Taqi Din Iscirdi,,,19972.0,0692TaqiDinIscirdi
0676Nawawi.DaqaiqMinhaj.JK001014-ara1,676,النووي :: محيي الدين أبو زكريا يحيى بن شرف بن مري بن حسن بن حسين بن محمد بن جمعة بن حزام الحزامي، الدمشقي,"Nawawi :: al-Nawawī :: Muḥyī al-dīn Abū Zakariyyā Yaḥyá b. Šaraf b. Murī b. Ḥasan b. Ḥusayn b. Muḥammad b. Ǧumʿaŧ b. Ḥizām al-Ḥizāmī, al-Dimašqī",0676Nawawi.DaqaiqMinhaj,دقائق المنهاج,Daqaiq Minhaj,إياد أحمد الغوج :: بيروت :: 1996 :: دار ابن حزم,JK001014,pri,6538.0,https://raw.githubusercontent.com/OpenITI/0700AH/master/data/0676Nawawi/0676Nawawi.DaqaiqMinhaj/0676Nawawi.DaqaiqMinhaj.JK001014-ara1,CENT0700 :: _FIQH :: _SHAFICI :: GAL@literature-islamic :: GAL@1000-1258CE :: GAL@literature-arabic :: GAL@period-postclassical :: GAL@shafiis :: GAL@fiqh :: JK@الفقه الشافعي :: JK@كتب الفقه الإسلامي,Nawawi,al-Nawawī,"Muḥyī al-dīn Abū Zakariyyā Yaḥyá b. Šaraf b. Murī b. Ḥasan b. Ḥusayn b. Muḥammad b. Ǧumʿaŧ b. Ḥizām al-Ḥizāmī, al-Dimašqī",28406.0,0676Nawawi
0691IbnYusufLabli.Fihrist.JK001087-ara1,691,أحمد بن يوسف بن يعقوب بن علي الفهري,Ibn Yusuf Labli,0691IbnYusufLabli.Fihrist,فهرست اللبلي :: فهرسة اللبلي,Fihrist,ياسين يوسف بن عياش/ عواد عبد ربه أبو زينة :: بيروت/لبنان :: 1408هـ/ 1988م :: دار الغرب الاسلامية,JK001087,pri,16475.0,https://raw.githubusercontent.com/OpenITI/0700AH/master/data/0691IbnYusufLabli/0691IbnYusufLabli.Fihrist/0691IbnYusufLabli.Fihrist.JK001087-ara1,CENT0700 :: _ADILLA :: _FAHARIS :: _KUTUB :: GAL@nodata :: JK@كتب التعريف بالكتب ( الببلوجرافيا ),Ibn Yusuf Labli,,,72026.0,0691IbnYusufLabli
0694MuhibbDinTabari.KhulasatSiyar.JK001117-ara1,694,محب الدين أبي جعفر بن عبد الله بن محمد بن أبي بكر الطبري,Muhibb Din Tabari,0694MuhibbDinTabari.KhulasatSiyar,خلاصة سير سيد البشر,Khulasat Siyar,طلال بن جميل الرفاعي :: مكة المكرمة - السعودية :: 1418هـ - 1997م :: مكتبة نزار مصطفى الباز,JK001117,pri,15566.0,https://raw.githubusercontent.com/OpenITI/0700AH/master/data/0694MuhibbDinTabari/0694MuhibbDinTabari.KhulasatSiyar/0694MuhibbDinTabari.KhulasatSiyar.JK001117-ara1,CENT0700 :: _ASHAB :: _SHAMAIL :: _SIRA :: GAL@literature-islamic :: GAL@1000-1258CE :: GAL@iraq :: GAL@hadith :: GAL@arabia :: GAL@literature-arabic :: GAL@jazira :: GAL@period-postclassical :: GAL@syria :: JK@سيرة النبي صلى الله عليه وسلم :: JK@كتب سيرة النبي صلى الله عليه وسلم وأصحابه,Muhibb Din Tabari,,,62469.0,0694MuhibbDinTabari
0684ShihabDinQarafi.Umniyya.JK001208-ara1,684,القرافي :: أحمد بن إدريس المالكي الشهير بالقرافي,Shihab Din Qarafi,0684ShihabDinQarafi.Umniyya,الأمنية في إدراك النية. :: الأمنية في إدراك النية,Umniyya,بيروت :: 1404هـ - 1984م. :: دار الكتب العلمية,JK001208,pri,11232.0,https://raw.githubusercontent.com/OpenITI/0700AH/master/data/0684ShihabDinQarafi/0684ShihabDinQarafi.Umniyya/0684ShihabDinQarafi.Umniyya.JK001208-ara1,CENT0700 :: _BUHUTH :: _FIQH :: _MASAIL :: _USUL :: GAL@literature-islamic :: GAL@1000-1258CE :: GAL@malikis :: GAL@literature-arabic :: GAL@period-postclassical :: GAL@fiqh :: JK@كتب الفقه الإسلامي :: JK@مسائل فقهية :: JK@مسائل فقهية وأصولية,Shihab Din Qarafi,,,49321.0,0684ShihabDinQarafi
0696CumarSunami.NisabIhtisab.JK001311-ara1,696,عمر السنامي(م) :: السنامي,Cumar Sunami,0696CumarSunami.NisabIhtisab,نصاب الاحتساب(م) :: نصاب الاحتساب,Nisab Ihtisab,,JK001311,pri,46037.0,https://raw.githubusercontent.com/OpenITI/0700AH/master/data/0696CumarSunami/0696CumarSunami.NisabIhtisab/0696CumarSunami.NisabIhtisab.JK001311-ara1,CENT0800 :: _QADA :: _SIYASA :: GAL@hanafis :: GAL@literature-islamic :: GAL@period-decline :: GAL@1518-1798CE :: GAL@period-ottoman :: GAL@egypt :: GAL@fiqh :: GAL@syria :: JK@كتب التراث السياسي,Cumar Sunami,,,191411.0,0696CumarSunami
0682IbnYahyaGhassani.TakhrijAhadithDicaf.JK005008-ara1,682,عبد الله بن يحيى بن أبي بكر الغساني :: الغساني,Ibn Yahya Ghassani,0682IbnYahyaGhassani.TakhrijAhadithDicaf,تخريج الأحاديث الضعاف من سنن الدارقطني,Takhrij Ahadith Dicaf,أشرف عبد المقصود عبد الرحيم :: الرياض :: 1411 هـ :: دار عالم الكتب,JK005008,pri,52251.0,https://raw.githubusercontent.com/OpenITI/0700AH/master/data/0682IbnYahyaGhassani/0682IbnYahyaGhassani.TakhrijAhadithDicaf/0682IbnYahyaGhassani.TakhrijAhadithDicaf.JK005008-ara1,CENT0700 :: _DACIF :: _HADITH :: _MAWDUC :: GAL@literature-islamic :: GAL@1000-1258CE :: GAL@hadith :: GAL@literature-arabic :: GAL@period-postclassical :: JK@الضعيفة :: JK@كتب الأحاديث الضعيفة والموضوعة,Ibn Yahya Ghassani,,,201577.0,0682IbnYahyaGhassani
0697AbuCabbasShihabDinNabulusi.QawacidTafsirAhlam.JK006858-ara1,697,أحمد بن سلطان بن سرور :: أبو العباس أحمد بن سلطان بن سرور,Abu Cabbas Shihab Din Nabulusi,0697AbuCabbasShihabDinNabulusi.QawacidTafsirAhlam,قواعد تفسير الأحلام,Qawacid Tafsir Ahlam,حسين بن محمد جمعة :: بيروت :: 1421هـ - 2000م :: مؤسسة الريان,JK006858,pri,48509.0,https://raw.githubusercontent.com/OpenITI/0700AH/master/data/0697AbuCabbasShihabDinNabulusi/0697AbuCabbasShihabDinNabulusi.QawacidTafsirAhlam/0697AbuCabbasShihabDinNabulusi.QawacidTafsirAhlam.JK006858-ara1,CENT0700 :: _AHLAM :: _MISC :: GAL@literature-islamic :: GAL@1000-1258CE :: GAL@sciences-occult :: GAL@literature-arabic :: GAL@period-postclassical :: JK@كتب تفسير الأحلام,Abu Cabbas Shihab Din Nabulusi,,,194285.0,0697AbuCabbasShihabDinNabulusi
0677SahibiTaji.HalbaFiAsmaKhayl.JK006957-ara1,677,الصاحب التاجي,Sahibi Taji,0677SahibiTaji.HalbaFiAsmaKhayl,الحلبة في أسماء الخيل,Halba Fi Asma Khayl,,JK006957,pri,13718.0,https://raw.githubusercontent.com/OpenITI/0700AH/master/data/0677SahibiTaji/0677SahibiTaji.HalbaFiAsmaKhayl/0677SahibiTaji.HalbaFiAsmaKhayl.JK006957-ara1,CENT0300 :: _GHARIB :: _MACAJIM :: _MASAIL :: _MUSTALAHAT :: GAL@historiography :: GAL@literature-islamic :: GAL@1000-1258CE :: GAL@history :: GAL@literature-arabic :: GAL@history-prophets :: GAL@period-postclassical :: JK@كتب المعاجم والغريب والمصطلحات :: JK@مسائل في الغريب والمعاني,Sahibi Taji,,,61406.0,0677SahibiTaji
0683IbnMansurIbnKammuna.JadidFiHikma.JK007008-ara1,683,سعيد بن منصور بن كمونة,Ibn Mansur Ibn Kammuna,0683IbnMansurIbnKammuna.JadidFiHikma,الجديد في الحكمة,Jadid Fi Hikma,حميد مرعيد الكبيسي :: بغداد :: 1403م-1982م :: مطبعة جامعة بغداد,JK007008,pri,86585.0,https://raw.githubusercontent.com/OpenITI/0700AH/master/data/0683IbnMansurIbnKammuna/0683IbnMansurIbnKammuna.JadidFiHikma/0683IbnMansurIbnKammuna.JadidFiHikma.JK007008-ara1,CENT0700 :: _CAQAID :: _MILAL :: GAL@nodata :: JK@كتب العقائد والملل :: JK@مواضيع عقدية,Ibn Mansur Ibn Kammuna,,,369619.0,0683IbnMansurIbnKammuna
0686IbnZakariyaManbiji.LubabFiJamc.JK007036-ara1,686,الامام جمال الدين أبو محمد علي بن أبي يحيى زكريا بن مسعود الأنصاري الخزرجي المنبجي,Ibn Zakariya Manbiji,0686IbnZakariyaManbiji.LubabFiJamc,اللباب في الجمع بين السنة والكتاب,Lubab Fi Jamc,د. محمد فضل عبد العزيز المراد :: سوريا / دمشق - لبنان / بيروت :: 1414هـ - 1994م :: دار القلم - الدار الشامية -,JK007036,pri,114898.0,https://raw.githubusercontent.com/OpenITI/0700AH/master/data/0686IbnZakariyaManbiji/0686IbnZakariyaManbiji.LubabFiJamc/0686IbnZakariyaManbiji.LubabFiJamc.JK007036-ara1,CENT0700 :: _FIQH :: _HANAFI :: GAL@hanafis :: GAL@literature-islamic :: GAL@1000-1258CE :: GAL@literature-arabic :: GAL@period-postclassical :: GAL@fiqh :: JK@فقه الحديث والمذاهب الأخرى :: JK@فقه الحديث ومذاهب أخرى :: JK@كتب الفقه الإسلامي,Ibn Zakariya Manbiji,,,453322.0,0686IbnZakariyaManbiji
0676Nawawi.KhulasatAhkam.JK007107-ara1,676,النووي :: محيي الدين أبو زكريا يحيى بن شرف بن مري بن حسن بن حسين بن محمد بن جمعة بن حزام الحزامي، الدمشقي,"Nawawi :: al-Nawawī :: Muḥyī al-dīn Abū Zakariyyā Yaḥyá b. Šaraf b. Murī b. Ḥasan b. Ḥusayn b. Muḥammad b. Ǧumʿaŧ b. Ḥizām al-Ḥizāmī, al-Dimašqī",0676Nawawi.KhulasatAhkam,خلاصة الأحكام :: خلاصة الاحكام في مهمات السنن وقواعد الاسلام,Khulasat Ahkam,حققه وخرج أحاديثه: حسين إسماعيل الجمل :: لبنان - بيروت :: 1418هـ - 1997م :: مؤسسة الرسالة,JK007107,pri,107924.0,https://raw.githubusercontent.com/OpenITI/0700AH/master/data/0676Nawawi/0676Nawawi.KhulasatAhkam/0676Nawawi.KhulasatAhkam.JK007107-ara1,CENT0700 :: _HADITH :: _TAKHRIJ :: _TARAJIM :: GAL@literature-islamic :: GAL@1000-1258CE :: GAL@literature-arabic :: GAL@period-postclassical :: GAL@shafiis :: GAL@fiqh :: JK@التخريج :: JK@كتب التخريج :: JK@كتب الحديث النبوي الشريف وتراجم الرواة,Nawawi,al-Nawawī,"Muḥyī al-dīn Abū Zakariyyā Yaḥyá b. Šaraf b. Murī b. Ḥasan b. Ḥusayn b. Muḥammad b. Ǧumʿaŧ b. Ḥizām al-Ḥizāmī, al-Dimašqī",430966.0,0676Nawawi
0696SharafDinBusiri.Diwan.JK007603-ara1,696,البوصيري,Sharaf Din Busiri,0696SharafDinBusiri.Diwan,ديوان البوصيري,Diwan,,JK007603,pri,26651.0,https://raw.githubusercontent.com/OpenITI/0700AH/master/data/0696SharafDinBusiri/0696SharafDinBusiri.Diwan/0696SharafDinBusiri.Diwan.JK007603-ara1,_SHICR_CABBASI :: _SHICR :: GAL@literature-islamic :: GAL@1000-1258CE :: GAL@poetry :: GAL@literature-arabic :: GAL@period-postclassical :: GAL@egypt :: JK@دواوين الشعر العربي :: JK@عباسي,Sharaf Din Busiri,,,111656.0,0696SharafDinBusiri
0688ShabZarif.Diwan.JK007607-ara1,688,الشاب الظريف,Shab Zarif,0688ShabZarif.Diwan,ديوان الشاب الظريف,Diwan,,JK007607,pri,24596.0,https://raw.githubusercontent.com/OpenITI/0700AH/master/data/0688ShabZarif/0688ShabZarif.Diwan/0688ShabZarif.Diwan.JK007607-ara1,_SHICR_CABBASI :: _SHICR :: GAL@literature-islamic :: GAL@1000-1258CE :: GAL@poetry :: GAL@literature-arabic :: GAL@period-postclassical :: GAL@syria :: JK@دواوين الشعر العربي :: JK@عباسي,Shab Zarif,,,97927.0,0688ShabZarif
0696IbnZahiri.Mashyakha.JK009154-ara1,696,جمال الدين أحمد بن محمد بن عبد الله الظاهري الحنفي,Ibn Zahiri,0696IbnZahiri.Mashyakha,مشيخة ابن البخاري,Mashyakha,د. عوض عتقي سعد الحازمي :: مكة / السعودية :: 1419 هـ :: دار عالم الفؤاد :: http://www.worldcat.org/oclc/42434115,JK009154,pri,136660.0,https://raw.githubusercontent.com/OpenITI/0700AH/master/data/0696IbnZahiri/0696IbnZahiri.Mashyakha/0696IbnZahiri.Mashyakha.JK009154-ara1.completed,COMPLETED :: CENT0700 :: PPE :: _AJZA :: _HADITH :: _TARAJIM :: GAL@nodata :: PARATEXT :: RANDOM_CHARS :: MISSING_PARTS :: JK@أجزاء حديثية :: JK@كتب الحديث النبوي الشريف وتراجم الرواة,Ibn Zahiri,,,529925.0,0696IbnZahiri
0685IbnYahyaSulami.CiqdDurar.JK009214-ara1,685,الشافعي السلمي(م) :: الشافعي السلمي,Ibn Yahya Sulami,0685IbnYahyaSulami.CiqdDurar,عقد الدرر في أخبار المنتظر(م) :: عقد الدرر في أخبار المنتظر,Ciqd Durar,,JK009214,pri,45279.0,https://raw.githubusercontent.com/OpenITI/0700AH/master/data/0685IbnYahyaSulami/0685IbnYahyaSulami.CiqdDurar/0685IbnYahyaSulami.CiqdDurar.JK009214-ara1,CENT0700 :: _CAQAID :: _MILAL :: GAL@literature-islamic :: GAL@1000-1258CE :: GAL@dogmatics :: GAL@literature-arabic :: GAL@period-postclassical :: JK@كتب العقائد والملل :: JK@مواضيع عقدية,Ibn Yahya Sulami,,,187270.0,0685IbnYahyaSulami
0676Nawawi.BustanCarifin.JK009329-ara1,676,النووي :: محيي الدين أبو زكريا يحيى بن شرف بن مري بن حسن بن حسين بن محمد بن جمعة بن حزام الحزامي، الدمشقي,"Nawawi :: al-Nawawī :: Muḥyī al-dīn Abū Zakariyyā Yaḥyá b. Šaraf b. Murī b. Ḥasan b. Ḥusayn b. Muḥammad b. Ǧumʿaŧ b. Ḥizām al-Ḥizāmī, al-Dimašqī",0676Nawawi.BustanCarifin,بستان العارفين,Bustan Carifin,بسام عبد الوهاب الجابي :: بيروت/ لبنان :: 1424 هـ - 2003م :: دار ابن حزم,JK009329,pri,17286.0,https://raw.githubusercontent.com/OpenITI/0700AH/master/data/0676Nawawi/0676Nawawi.BustanCarifin/0676Nawawi.BustanCarifin.JK009329-ara1,CENT0700 :: _ADAB :: _ADHKAR :: _AKHLAQ :: _MISC :: _RAQAIQ :: _SULUK :: GAL@literature-islamic :: GAL@1000-1258CE :: GAL@literature-arabic :: GAL@period-postclassical :: GAL@shafiis :: GAL@fiqh :: JK@كتب الأخلاق والسلوك :: JK@كتب متفرقة في الأخلاق والسلوك,Nawawi,al-Nawawī,"Muḥyī al-dīn Abū Zakariyyā Yaḥyá b. Šaraf b. Murī b. Ḥasan b. Ḥusayn b. Muḥammad b. Ǧumʿaŧ b. Ḥizām al-Ḥizāmī, al-Dimašqī",72328.0,0676Nawawi
0676Nawawi.Taqrib.JK010178-ara1,676,النووي :: محيي الدين أبو زكريا يحيى بن شرف بن مري بن حسن بن حسين بن محمد بن جمعة بن حزام الحزامي، الدمشقي,"Nawawi :: al-Nawawī :: Muḥyī al-dīn Abū Zakariyyā Yaḥyá b. Šaraf b. Murī b. Ḥasan b. Ḥusayn b. Muḥammad b. Ǧumʿaŧ b. Ḥizām al-Ḥizāmī, al-Dimašqī",0676Nawawi.Taqrib,التقريب,Taqrib,,JK010178,pri,17494.0,https://raw.githubusercontent.com/OpenITI/0700AH/master/data/0676Nawawi/0676Nawawi.Taqrib/0676Nawawi.Taqrib.JK010178-ara1,CENT0700 :: _CULUM :: _HADITH :: _MUSTALAHAT :: GAL@literature-islamic :: GAL@1000-1258CE :: GAL@hadith :: GAL@literature-arabic :: GAL@period-postclassical :: JK@الكتب الجامعة لمصطلحات الحديث :: JK@كتب مصطح الحديث,Nawawi,al-Nawawī,"Muḥyī al-dīn Abū Zakariyyā Yaḥyá b. Šaraf b. Murī b. Ḥasan b. Ḥusayn b. Muḥammad b. Ǧumʿaŧ b. Ḥizām al-Ḥizāmī, al-Dimašqī",74779.0,0676Nawawi
0685IbnSacidMaghribi.MurqisatWaMutribat.JK010665-ara1,685,ابن سعيد المغربي :: أبو الحسن على بن موسى بن سعيد المغربي (المتوفى : 685هـ),Ibn Sacid Maghribi,0685IbnSacidMaghribi.MurqisatWaMutribat,المرقصات و المطربات,Murqisat Wa Mutribat,,JK010665,pri,59133.0,https://raw.githubusercontent.com/OpenITI/0700AH/master/data/0685IbnSacidMaghribi/0685IbnSacidMaghribi.MurqisatWaMutribat/0685IbnSacidMaghribi.MurqisatWaMutribat.JK010665-ara1,CENT0700 :: _ADAB :: _BALAGHA :: _QISAS :: _TARAIF :: GAL@historiography :: GAL@literature-islamic :: GAL@1000-1258CE :: GAL@history :: GAL@history-local :: GAL@literature-arabic :: GAL@period-postclassical :: GAL@spain :: JK@الطرائف والقصص :: JK@كتب الأدب,Ibn Sacid Maghribi,,,239914.0,0685IbnSacidMaghribi
0692IbnCisaBahaDinIrbili.TadhkiraFakhriyya.JK010724-ara1,692,بهاء الدين الإربلي :: الصاحب بهاء الدين علي بن عيسى بن أبي الفتح الإربلي (المتوفى : 692هـ),Ibn Cisa Baha Din Irbili,0692IbnCisaBahaDinIrbili.TadhkiraFakhriyya,التذكرة الفخرية,Tadhkira Fakhriyya,,JK010724,pri,51361.0,https://raw.githubusercontent.com/OpenITI/0700AH/master/data/0692IbnCisaBahaDinIrbili/0692IbnCisaBahaDinIrbili.TadhkiraFakhriyya/0692IbnCisaBahaDinIrbili.TadhkiraFakhriyya.JK010724-ara1,CENT0700 :: _ADAB :: _BALAGHA :: _MISC :: GAL@literature-islamic :: GAL@1000-1258CE :: GAL@imamis :: GAL@shia :: GAL@literature-arabic :: GAL@period-postclassical :: JK@كتب متنوعة,Ibn Cisa Baha Din Irbili,,,213273.0,0692IbnCisaBahaDinIrbili
0684IbnShaddad.TarikhMalikZahir.Kraken2102182324112-ara1,684,ابن شداد :: عز الدين أبو عبد الله محمد بن علي بن إبراهيم الأنصاري، الحلبي,"Ibn Shaddad :: Ibn Šaddād :: ʿIzz al-dīn Abū ʿAbd Allāh Muḥammad b. ʿAlī b. Ibrāhīm al-Anṣārī, al-Ḥalabī",0684IbnShaddad.TarikhMalikZahir,,Tarikh Malik Zahir,http://www.worldcat.org/oclc/993380098,Kraken2102182324112,pri,61752.0,https://raw.githubusercontent.com/OpenITI/0700AH/master/data/0684IbnShaddad/0684IbnShaddad.TarikhMalikZahir/0684IbnShaddad.TarikhMalikZahir.Kraken2102182324112-ara1.completed,COMPLETED ::  :: MANY_TYPOS :: UNCORRECTED_OCR,Ibn Shaddad,Ibn Šaddād,"ʿIzz al-dīn Abū ʿAbd Allāh Muḥammad b. ʿAlī b. Ibrāhīm al-Anṣārī, al-Ḥalabī",268464.0,0684IbnShaddad
0687Shahrazuri.NuzhatArwah.Kraken21040818-ara1,687,,Shahrazuri,0687Shahrazuri.NuzhatArwah,,Nuzhat Arwah,http://www.worldcat.org/oclc/10215867,Kraken21040818,pri,83819.0,https://raw.githubusercontent.com/OpenITI/0700AH/master/data/0687Shahrazuri/0687Shahrazuri.NuzhatArwah/0687Shahrazuri.NuzhatArwah.Kraken21040818-ara1,:: UNCORRECTED_OCR,Shahrazuri,,,320602.0,0687Shahrazuri
0677IbnMuyassar.AkhbarMisr.Kraken210528115855-ara1,677,,Ibn Muyassar,0677IbnMuyassar.AkhbarMisr,,Akhbar Misr,,Kraken210528115855,pri,73253.0,https://raw.githubusercontent.com/OpenITI/0700AH/master/data/0677IbnMuyassar/0677IbnMuyassar.AkhbarMisr/0677IbnMuyassar.AkhbarMisr.Kraken210528115855-ara1,,Ibn Muyassar,,,314476.0,0677IbnMuyassar
0691IbnYusufLabli.TuhfatMajd.Sham19Y0013274-ara1,691,شهاب الدين أحمد بن يوسف بن على بن يوسف اللبلي أبو جعفر الفهرى المقرى اللغوى المالكى (المتوفى: 691ه) :: اللبلي,Ibn Yusuf Labli,0691IbnYusufLabli.TuhfatMajd,تحفة المجد الصريح في شرح كتاب الفصيح :: تحفة المجد الصريح في شرح كتاب الفصيح (السفر الأول),Tuhfat Majd,د. عبد الملك بن عيضة الثبيتي، الأستاذ المساعد في كلية المعلمين بمكة المكرمة :: 1418ه - 1997م,Sham19Y0013274,pri,52857.0,https://raw.githubusercontent.com/OpenITI/0700AH/master/data/0691IbnYusufLabli/0691IbnYusufLabli.TuhfatMajd/0691IbnYusufLabli.TuhfatMajd.Sham19Y0013274-ara1,:: Sham@الغريب والمعاجم ولغة الفقه,Ibn Yusuf Labli,,,220301.0,0691IbnYusufLabli
0685NasirDinBaydawi.TuhfatAbrar.Sham19Y0013614-ara1,685,ناصر الدين البيضاوي :: القاضي ناصر الدين عبد الله بن عمر البيضاوي (ت 685ه),Nasir Din Baydawi,0685NasirDinBaydawi.TuhfatAbrar,تحفة الأبرار شرح مصابيح السنة,Tuhfat Abrar,لجنة مختصة بإشراف نور الدين طالب :: 1433 ه - 2012م :: وزارة الأوقاف والشؤون الإسلامية بالكويت,Sham19Y0013614,pri,255815.0,https://raw.githubusercontent.com/OpenITI/0700AH/master/data/0685NasirDinBaydawi/0685NasirDinBaydawi.TuhfatAbrar/0685NasirDinBaydawi.TuhfatAbrar.Sham19Y0013614-ara1,:: Sham@شروح الحديث,Nasir Din Baydawi,,,1051717.0,0685NasirDinBaydawi
0684ShihabDinQarafi.IhkamFiTamyizFatawa.Sham19Y0014218-ara1,684,القرافي :: أبو العباس شهاب الدين أحمد بن إدريس بن عبد الرحمن المالكي الشهير بالقرافي (المتوفى: 684 ه),Shihab Din Qarafi,0684ShihabDinQarafi.IhkamFiTamyizFatawa,الإحكام في تمييز الفتاوى عن الأحكام وتصرفات القاضي والإمام,Ihkam Fi Tamyiz Fatawa,الثانية، 1416 ه - 1995 م :: دار البشائر الإسلامية للطباعة والنشر والتوزيع، بيروت - لبنان,Sham19Y0014218,pri,63652.0,https://raw.githubusercontent.com/OpenITI/0700AH/master/data/0684ShihabDinQarafi/0684ShihabDinQarafi.IhkamFiTamyizFatawa/0684ShihabDinQarafi.IhkamFiTamyizFatawa.Sham19Y0014218-ara1,:: Sham@أصول الفقه والقواعد الفقهية,Shihab Din Qarafi,,,274726.0,0684ShihabDinQarafi
0684ShihabDinQarafi.NafaisUsul.Sham19Y0014280-ara1,684,شهاب الدين أحمد بن إدريس القرافي (ت 684ه) :: القرافي,Shihab Din Qarafi,0684ShihabDinQarafi.NafaisUsul,نفائس الأصول في شرح المحصول,Nafais Usul,عادل أحمد عبد الموجود، علي محمد معوض :: الأولى، 1416ه - 1995م :: مكتبة نزار مصطفى الباز,Sham19Y0014280,pri,701281.0,https://raw.githubusercontent.com/OpenITI/0700AH/master/data/0684ShihabDinQarafi/0684ShihabDinQarafi.NafaisUsul/0684ShihabDinQarafi.NafaisUsul.Sham19Y0014280-ara1,:: Sham@أصول الفقه والقواعد الفقهية,Shihab Din Qarafi,,,2998875.0,0684ShihabDinQarafi
0697IbnWasil.MufarrijKurub.Sham19Y0016362-ara1,697,جمال الدين محمد ابن واصل :: جمال الدين أبو عبدالله محمد بن سالم بن نصرالله بن سالم بن واصل المازني التميمي الحموي الشافعي,Ibn Wasil :: Ǧamāl al-Dīn Muḥammad Ibn Wāṣil :: Ǧamāl al-Dīn Abū ʿAbdallāh Muḥammad b. Sālim b. Naṣrallāh b. Sālim b. Wāṣil al-Māzinī al-Tamīmī al-Ḥamawī al-Šāfiʿī,0697IbnWasil.MufarrijKurub,مفرج الكروب في أخبار بني أيوب,Mufarriǧ al-kurūb fī aḫbār banī Ayyūb,1377 ه - 1957 م :: دار الكتب والوثائق القومية - المطبعة الأميرية، القاهرة - جمهورية مصر العربية :: http://www.worldcat.org/oclc/1030441290,Sham19Y0016362,pri,442285.0,https://raw.githubusercontent.com/OpenITI/0700AH/master/data/0697IbnWasil/0697IbnWasil.MufarrijKurub/0697IbnWasil.MufarrijKurub.Sham19Y0016362-ara1.completed,COMPLETED ::  :: NO_MAJOR_ISSUES :: Sham@التاريخ,Ibn Wasil,Ǧamāl al-Dīn Muḥammad Ibn Wāṣil,Ǧamāl al-Dīn Abū ʿAbdallāh Muḥammad b. Sālim b. Naṣrallāh b. Sālim b. Wāṣil al-Māzinī al-Tamīmī al-Ḥamawī al-Šāfiʿī,1897767.0,0697IbnWasil
0686IbnNazim.SharhAlfiyya.Sham19Y0018115-ara1,686,بدر الدين محمد ابن الإمام جمال الدين محمد بن مالك (ت 686 ه) :: بدر الدين ابن مالك,Ibn Nazim,0686IbnNazim.SharhAlfiyya,شرح ابن الناظم على ألفية ابن مالك,Sharh Alfiyya,محمد باسل عيون السود :: الأولى، 1420 ه - 2000 م :: دار الكتب العلمية,Sham19Y0018115,pri,114563.0,https://raw.githubusercontent.com/OpenITI/0700AH/master/data/0686IbnNazim/0686IbnNazim.SharhAlfiyya/0686IbnNazim.SharhAlfiyya.Sham19Y0018115-ara1,:: Sham@النحو والصرف,Ibn Nazim,,,473800.0,0686IbnNazim
0681IbnIyyazNahwi.SharhTacrif.Sham19Y0018277-ara1,681,ابن إياز النحوي :: ابن إياز (المتوفى: 681 ه),Ibn Iyyaz Nahwi,0681IbnIyyazNahwi.SharhTacrif,شرح التعريف بضروري التصريف,Sharh Tacrif,الأولى، 1422 ه - 2002 م. :: دار الفكر للطباعة والنشر والتوزيع - الأردن,Sham19Y0018277,pri,26318.0,https://raw.githubusercontent.com/OpenITI/0700AH/master/data/0681IbnIyyazNahwi/0681IbnIyyazNahwi.SharhTacrif/0681IbnIyyazNahwi.SharhTacrif.Sham19Y0018277-ara1,:: Sham@النحو والصرف,Ibn Iyyaz Nahwi,,,110622.0,0681IbnIyyazNahwi
0694MuzaffarDinIbnSacati.BadicNizam.Sham19Y0018570-ara1,694,مظفر الدين أحمد بن علي بن الساعاتي :: مظفر الدين ابن الساعاتي,Muzaffar Din Ibn Sacati,0694MuzaffarDinIbnSacati.BadicNizam,بديع النظام (أو: نهاية الوصول إلى علم الأصول) :: بديع النظام = نهاية الوصول إلى علم الأصول,Badic Nizam,سعد بن غرير بن مهدي السلمي :: 1405 ه - 1985 م :: رسالة دكتوراة (جامعة أم القرى) بإشراف د محمد عبد الدايم علي,Sham19Y0018570,pri,60876.0,https://raw.githubusercontent.com/OpenITI/0700AH/master/data/0694MuzaffarDinIbnSacati/0694MuzaffarDinIbnSacati.BadicNizam/0694MuzaffarDinIbnSacati.BadicNizam.Sham19Y0018570-ara1,:: Sham@أصول الفقه والقواعد الفقهية,Muzaffar Din Ibn Sacati,,,267979.0,0694MuzaffarDinIbnSacati
0682CabdRahmanIbnQudama.SharhKabir.Sham19Y0019188-ara1,682,شمس الدين أبو الفرج عبد الرحمن بن محمد بن أحمد بن قدامة المقدسي (المتوفى: 682 ه) :: ابن أبي عمر,Cabd Rahman Ibn Qudama,0682CabdRahmanIbnQudama.SharhKabir,الشرح الكبير (المطبوع مع المقنع والإنصاف) :: الشرح الكبير على المقنع ت التركي,Sharh Kabir,الدكتور عبد الله بن عبد المحسن التركي - الدكتور عبد الفتاح محمد الحلو :: الأولى، 1415 ه - 1995 م :: هجر للطباعة والنشر والتوزيع والإعلان، القاهرة - جمهورية مصر العربية,Sham19Y0019188,pri,2106705.0,https://raw.githubusercontent.com/OpenITI/0700AH/master/data/0682CabdRahmanIbnQudama/0682CabdRahmanIbnQudama.SharhKabir/0682CabdRahmanIbnQudama.SharhKabir.Sham19Y0019188-ara1,:: Sham@فقه حنبلي,Cabd Rahman Ibn Qudama,,,8544087.0,0682CabdRahmanIbnQudama
0682SirajDinAzmawi.Tahsil.Sham19Y0019235-ara1,682,السراج الأرموي :: سراج الدين محمود بن أبي بكر الأرموي (المتوفى: 682 ه),Siraj Din Azmawi,0682SirajDinAzmawi.Tahsil,التحصيل من المحصول,Tahsil,الدكتور عبد الحميد علي أبو زنيد :: الأولى، 1408 ه - 1988 م :: مؤسسة الرسالة للطباعة والنشر والتوزيع، بيروت - لبنان,Sham19Y0019235,pri,181653.0,https://raw.githubusercontent.com/OpenITI/0700AH/master/data/0682SirajDinAzmawi/0682SirajDinAzmawi.Tahsil/0682SirajDinAzmawi.Tahsil.Sham19Y0019235-ara1,:: Sham@أصول الفقه والقواعد الفقهية,Siraj Din Azmawi,,,776465.0,0682SirajDinAzmawi
0695AbuBarakatIbnMunajja.MumticFiSharhMuqnic.Sham19Y0020699-ara1,695,ابن المنجى، أبو البركات,Abu Barakat Ibn Munajja,0695AbuBarakatIbnMunajja.MumticFiSharhMuqnic,الممتع في شرح المقنع :: الممتع في شرح المقنع ت ابن دهيش ط 3,Mumtic Fi Sharh Muqnic,عبد الملك بن عبد الله بن دهيش :: الثالثة، 1424 ه - 2003 م,Sham19Y0020699,pri,705221.0,https://raw.githubusercontent.com/OpenITI/0700AH/master/data/0695AbuBarakatIbnMunajja/0695AbuBarakatIbnMunajja.MumticFiSharhMuqnic/0695AbuBarakatIbnMunajja.MumticFiSharhMuqnic.Sham19Y0020699-ara1,:: Sham@فقه حنبلي,Abu Barakat Ibn Munajja,,,2878395.0,0695AbuBarakatIbnMunajja
0684ShihabDinQarafi.CiqdManzum.Sham19Y0020860-ara1,684,شهاب الدين أحمد بن إدريس القرافي (626 - 682 ه) :: القرافي,Shihab Din Qarafi,0684ShihabDinQarafi.CiqdManzum,العقد المنظوم في الخصوص والعموم,Ciqd Manzum,د. أحمد الختم عبد الله :: الأولى، 1420 ه - 1999 م :: دار الكتبي - مصر,Sham19Y0020860,pri,119938.0,https://raw.githubusercontent.com/OpenITI/0700AH/master/data/0684ShihabDinQarafi/0684ShihabDinQarafi.CiqdManzum/0684ShihabDinQarafi.CiqdManzum.Sham19Y0020860-ara1,:: Sham@أصول الفقه والقواعد الفقهية,Shihab Din Qarafi,,,513529.0,0684ShihabDinQarafi
0693ShihabDinKhuyi.AqsaAmal.Sham19Y0032181-ara1,693,شهاب الدين محمد بن أحمد الخويي الشافعي (المتوفى 693 ه) :: شهاب الدين الخويي,Shihab Din Khuyi,0693ShihabDinKhuyi.AqsaAmal,نظم علوم الحديث = أقصى الأمل والسول في علم حديث الرسول :: نظم علوم الحديث المسماة: «أقصى الأمل والسول في علم حديث الرسول صلى الله عليه وسلم»,Aqsa Amal,نواف عباس حبيب المناور,Sham19Y0032181,pri,117860.0,https://raw.githubusercontent.com/OpenITI/0700AH/master/data/0693ShihabDinKhuyi/0693ShihabDinKhuyi.AqsaAmal/0693ShihabDinKhuyi.AqsaAmal.Sham19Y0032181-ara1,:: Sham@علوم الحديث,Shihab Din Khuyi,,,500514.0,0693ShihabDinKhuyi
0699ShihabDinIshbiliLakhmi.Gharamiyya.Sham19Y0036127-ara1,699,ابن فرح :: أبو العباس أحمد بن فرح الإشبيلي (624 - 699 ه),Shihab Din Ishbili Lakhmi,0699ShihabDinIshbiliLakhmi.Gharamiyya,الغرامية في مصطلح الحديث,Gharamiyya,الأولى، 1424 ه - 2003 م :: دار المآثر، المدينة المنورة - المملكة العربية السعودية,Sham19Y0036127,pri,20113.0,https://raw.githubusercontent.com/OpenITI/0700AH/master/data/0699ShihabDinIshbiliLakhmi/0699ShihabDinIshbiliLakhmi.Gharamiyya/0699ShihabDinIshbiliLakhmi.Gharamiyya.Sham19Y0036127-ara1,:: Sham@علوم الحديث,Shihab Din Ishbili Lakhmi,,,85205.0,0699ShihabDinIshbiliLakhmi
0676Nawawi.IrshadTullabHaqaiq.Sham19Y0127654-ara1,676,النووي :: محيي الدين أبو زكريا يحيى بن شرف بن مري بن حسن بن حسين بن محمد بن جمعة بن حزام الحزامي، الدمشقي,"Nawawi :: al-Nawawī :: Muḥyī al-dīn Abū Zakariyyā Yaḥyá b. Šaraf b. Murī b. Ḥasan b. Ḥusayn b. Muḥammad b. Ǧumʿaŧ b. Ḥizām al-Ḥizāmī, al-Dimašqī",0676Nawawi.IrshadTullabHaqaiq,إرشاد طلاب الحقائق إلى معرفة سنن خير الخلائق صلى الله عليه وسلم :: إرشاد طلاب الحقائق إلى معرفة سنن خير الخلائق - صلى الله عليه وسلم -,Irshad Tullab Haqaiq,الأولى، 1408 ه - 1987 م :: مكتبة الإيمان، المدينة المنورة - المملكة العربية السعودية,Sham19Y0127654,pri,190331.0,https://raw.githubusercontent.com/OpenITI/0700AH/master/data/0676Nawawi/0676Nawawi.IrshadTullabHaqaiq/0676Nawawi.IrshadTullabHaqaiq.Sham19Y0127654-ara1,:: Sham@علوم الحديث,Nawawi,al-Nawawī,"Muḥyī al-dīn Abū Zakariyyā Yaḥyá b. Šaraf b. Murī b. Ḥasan b. Ḥusayn b. Muḥammad b. Ǧumʿaŧ b. Ḥizām al-Ḥizāmī, al-Dimašqī",808789.0,0676Nawawi
0695IbnHamdanHarraniNumayri.SifatFatwa.Sham19Y0132972-ara1,695,ابن حمدان :: نجم الدين أحمد بن حمدان بن شبيب بن حمدان الحراني الحنبلي (603 ه - 695 ه),Ibn Hamdan Harrani Numayri,0695IbnHamdanHarraniNumayri.SifatFatwa,صفة المفتي والمستفتي ت أبي جنة :: صفة المفتي والمستفتي,Sifat Fatwa,أبو جنة الحنبلي مصطفى بن محمد صلاح الدين بن منسي القباني :: الأولى، 1436 ه - 2015 م :: دار الصميعي للنشر والتوزيع، الرياض - المملكة العربية السعودية,Sham19Y0132972,pri,46612.0,https://raw.githubusercontent.com/OpenITI/0700AH/master/data/0695IbnHamdanHarraniNumayri/0695IbnHamdanHarraniNumayri.SifatFatwa/0695IbnHamdanHarraniNumayri.SifatFatwa.Sham19Y0132972-ara1,:: Sham@فقه حنبلي,Ibn Hamdan Harrani Numayri,,,188148.0,0695IbnHamdanHarraniNumayri
0680IbnSabuni.AhadithMuntaqatArbacun.ShamAY0032746-ara1,680,الواحدي,Ibn Sabuni,0680IbnSabuni.AhadithMuntaqatArbacun,الأحاديث المنتقاة الأربعون للصابوني - مخطوط  :: الأحاديث المنتقاة الأربعون للصابوني - مخطوط,Ahadith Muntaqat Arbacun,,ShamAY0032746,pri,8393.0,https://raw.githubusercontent.com/OpenITI/0700AH/master/data/0680IbnSabuni/0680IbnSabuni.AhadithMuntaqatArbacun/0680IbnSabuni.AhadithMuntaqatArbacun.ShamAY0032746-ara1,:: ShamAY@مخطوطات حديثية,Ibn Sabuni,,,33642.0,0680IbnSabuni
0675AbuCabdAllahWarraq.Fawaid.ShamAY0032786-ara1,675,,Abu Cabd Allah Warraq,0675AbuCabdAllahWarraq.Fawaid,فوائد مخرجة عن شيوخ أبي عبد الله الوراق - مخطوط :: فوائد مخرجة عن شيوخ أبي عبد الله محمد بن عبد العزيز الوراق - مخطوط,Fawaid,,ShamAY0032786,pri,4716.0,https://raw.githubusercontent.com/OpenITI/0675AH/master/data/0675AbuCabdAllahWarraq/0675AbuCabdAllahWarraq.Fawaid/0675AbuCabdAllahWarraq.Fawaid.ShamAY0032786-ara1,:: ShamAY@مخطوطات حديثية,Abu Cabd Allah Warraq,,,18386.0,0675AbuCabdAllahWarraq
0678IbnAbiMansurIbnSayrafiHarrani.Hadith.ShamAY0032811-ara1,678,ابن الصيرفي، جمال الدين,Ibn Abi Mansur Ibn Sayrafi Harrani,0678IbnAbiMansurIbnSayrafiHarrani.Hadith,من حديث أبي زكريا يحيى بن أبي منصور الصيرفي الحراني - مخطوط,Hadith,,ShamAY0032811,pri,444.0,https://raw.githubusercontent.com/OpenITI/0700AH/master/data/0678IbnAbiMansurIbnSayrafiHarrani/0678IbnAbiMansurIbnSayrafiHarrani.Hadith/0678IbnAbiMansurIbnSayrafiHarrani.Hadith.ShamAY0032811-ara1,:: ShamAY@مخطوطات حديثية,Ibn Abi Mansur Ibn Sayrafi Harrani,,,1785.0,0678IbnAbiMansurIbnSayrafiHarrani
0690IbnBukhari.AsnaMaqasid.ShamAY0032854-ara1,690,أبو الحسن علي بن أحمد بن عبد الواحد المقدسي المعروف بابن البخاري,Ibn Bukhari,0690IbnBukhari.AsnaMaqasid,الجزء العاشر من أسنى المقاصد وأعذب الموارد من مشيخة أبي الحسن علي بن أحمد بن عبد الواحد - مخطوط :: الجزء العاشر من أسنى المقاصد وأعذب الموارد من مشيخة أبي الحسن علي بن أحمد بن عبد الواحد - مخطوط,Asna Maqasid,,ShamAY0032854,pri,10196.0,https://raw.githubusercontent.com/OpenITI/0700AH/master/data/0690IbnBukhari/0690IbnBukhari.AsnaMaqasid/0690IbnBukhari.AsnaMaqasid.ShamAY0032854-ara1,:: ShamAY@مخطوطات حديثية,Ibn Bukhari,,,40539.0,0690IbnBukhari
0690IbnBukhari.Mashyakha.ShamAY0032864-ara1,690,أبو الحسن علي بن أحمد بن عبد الواحد المقدسي المعروف بابن البخاري,Ibn Bukhari,0690IbnBukhari.Mashyakha,مشيخة ابن البخاري - مخطوط :: مشيخة ابن البخاري - مخطوط,Mashyakha,,ShamAY0032864,pri,7785.0,https://raw.githubusercontent.com/OpenITI/0700AH/master/data/0690IbnBukhari/0690IbnBukhari.Mashyakha/0690IbnBukhari.Mashyakha.ShamAY0032864-ara1,:: ShamAY@مخطوطات حديثية,Ibn Bukhari,,,30828.0,0690IbnBukhari
0699AbuMuhammadLakhmiShafici.NuhzatKhatir.ShamAY0032876-ara1,699,أبو محمد الحسن بن علي بن عيسى اللخمي الشافعي,Abu Muhammad Lakhmi Shafici,0699AbuMuhammadLakhmiShafici.NuhzatKhatir,نهزة الخاطر ونزهة الخاطر من الفوائد المنتقاة الأحاديث العوالي الموافقات والأبدال والتساعيات والمصافحات والأناشيد المستحسنات - مخطوط  :: نهزة الخاطر ونزهة الخاطر من الفوائد المنتقاة الأحاديث العوالي الموافقات والأبدال والتساعيات والمصافحات والأناشيد المستحسنات - مخطوط :: نهزة الخاطر ونزهة الخاطر لأبي محمد اللخمي - مخطوط,Nuhzat Khatir,,ShamAY0032876,pri,11691.0,https://raw.githubusercontent.com/OpenITI/0700AH/master/data/0699AbuMuhammadLakhmiShafici/0699AbuMuhammadLakhmiShafici.NuhzatKhatir/0699AbuMuhammadLakhmiShafici.NuhzatKhatir.ShamAY0032876-ara1,:: ShamAY@مخطوطات حديثية,Abu Muhammad Lakhmi Shafici,,,47218.0,0699AbuMuhammadLakhmiShafici
0681IbnDahhan.Mashyakha.ShamAY0032920-ara1,681,أبو عبد الله محمد بن عبد الرحمن بن أحمد بن عمران بن كليب السعدي ابن الدهان,Ibn Dahhan,0681IbnDahhan.Mashyakha,مشيخة ابن الدهان - مخطوط :: مشيخة ابن الدهان - مخطوط,Mashyakha,,ShamAY0032920,pri,3879.0,https://raw.githubusercontent.com/OpenITI/0700AH/master/data/0681IbnDahhan/0681IbnDahhan.Mashyakha/0681IbnDahhan.Mashyakha.ShamAY0032920-ara1,:: ShamAY@مخطوطات حديثية,Ibn Dahhan,,,15728.0,0681IbnDahhan
0682CabdRahmanIbnQudama.FawaidIkhwan.ShamAY0032960-ara1,682,شمس الدين أبو الفرج عبد الرحمن بن محمد بن أحمد بن قدامة المقدسي المعروف بابن أبي عمر,Cabd Rahman Ibn Qudama,0682CabdRahmanIbnQudama.FawaidIkhwan,الجزء السادس من فوائد الإخوان من الأحاديث الموافقات والأبدال والعوالي الحسان (مشيخة ابن أبي عمر) - مخطوط  :: الجزء السادس من فوائد الإخوان لابن أبي عمر المقدسي - مخطوط :: الجزء السادس من فوائد الإخوان من الأحاديث الموافقات والأبدال والعوالي الحسان (مشيخة ابن أبي عمر) - مخطوط,Fawaid Ikhwan,,ShamAY0032960,pri,7901.0,https://raw.githubusercontent.com/OpenITI/0700AH/master/data/0682CabdRahmanIbnQudama/0682CabdRahmanIbnQudama.FawaidIkhwan/0682CabdRahmanIbnQudama.FawaidIkhwan.ShamAY0032960-ara1,:: ShamAY@مخطوطات حديثية,Cabd Rahman Ibn Qudama,,,31187.0,0682CabdRahmanIbnQudama
0697CaishaBintCisa.CasharaAhadith.ShamAY0032965-ara1,697,عائشة بنت عيسى بن عبد الله بن أحمد بن محمد بن قدامة المقدسي,Caisha Bint Cisa,0697CaishaBintCisa.CasharaAhadith,عشرة أحاديث عن عشرة من الشيوخ أجازوا لعائشة بنت المجد عيسى بن الإمام موفق الدين عبد الله بن أحمد بن قدامة - مخطوط :: عشرة أحاديث عن عشرة من الشيوخ أجازوا لعائشة بنت عيسى - مخطوط :: عشرة أحاديث عن عشرة من الشيوخ أجازوا لعائشة بنت المجد عيسى بن الإمام موفق الدين عبد الله بن أحمد بن قدامة - مخطوط,Cashara Ahadith,,ShamAY0032965,pri,1464.0,https://raw.githubusercontent.com/OpenITI/0700AH/master/data/0697CaishaBintCisa/0697CaishaBintCisa.CasharaAhadith/0697CaishaBintCisa.CasharaAhadith.ShamAY0032965-ara1,:: ShamAY@مخطوطات حديثية,Caisha Bint Cisa,,,5852.0,0697CaishaBintCisa
0698IbnFaraGhassani.NuzhatAbsar.ShamAY0033595-ara1,698,القاضي أبو بكر عتيق بن الفراء الغساني الأندلسي (698 ه) :: أبو بكر عتيق بن الفراء الغساني,Ibn Fara Ghassani,0698IbnFaraGhassani.NuzhatAbsar,نزهة الأبصار في مناقب الأنصار لابن الفراء :: نزهة الأبصار في فضائل الأنصار :: نزهة الأبصار في فضائل الأنصار,Nuzhat Absar,عبد الرزاق بن محمد مرزوق :: الأولى 1425 ه - 2004 م :: أضواء السلف,ShamAY0033595,pri,27379.0,https://raw.githubusercontent.com/OpenITI/0700AH/master/data/0698IbnFaraGhassani/0698IbnFaraGhassani.NuzhatAbsar/0698IbnFaraGhassani.NuzhatAbsar.ShamAY0033595-ara1,:: ShamAY@الأجزاء الحديثية,Ibn Fara Ghassani,,,111445.0,0698IbnFaraGhassani
0686AbuYamanIbnCasakir.JuzNaclNabi.ShamAY0033608-ara1,686,عبد الصمد بن عبد الوهاب بن أبي الحسن محمد بن هبة الله بن عبد الله بن الحسين أمين الدين أبو اليمن بن عساكر الدمشقي نزيل مكة :: أبو اليمن بن عساكر :: أبو اليمن عبد الصمد بن عبد الوهاب بن عساكر (686 ه),Abu Yaman Ibn Casakir,0686AbuYamanIbnCasakir.JuzNaclNabi,جزء تمثال نعل النبي صلى الله عليه وسلم  :: جزء تمثال نعل النبي صلى الله عليه وسلم :: جزء النعل لأبي اليمن,Juz Nacl Nabi,حسين محمد علي شكري :: الأولى 2010 :: دار الكتب العلمية [طبع مع الجواهر النفاس وجزء حديث أبي عمير],ShamAY0033608,pri,2785.0,https://raw.githubusercontent.com/OpenITI/0700AH/master/data/0686AbuYamanIbnCasakir/0686AbuYamanIbnCasakir.JuzNaclNabi/0686AbuYamanIbnCasakir.JuzNaclNabi.ShamAY0033608-ara1,:: ShamAY@الأجزاء الحديثية,Abu Yaman Ibn Casakir,,,11360.0,0686AbuYamanIbnCasakir
0676Nawawi.RawdatTalibin.ShamAY0034251BK3-ara1,676,النووي :: محيي الدين أبو زكريا يحيى بن شرف بن مري بن حسن بن حسين بن محمد بن جمعة بن حزام الحزامي، الدمشقي,"Nawawi :: al-Nawawī :: Muḥyī al-dīn Abū Zakariyyā Yaḥyá b. Šaraf b. Murī b. Ḥasan b. Ḥusayn b. Muḥammad b. Ǧumʿaŧ b. Ḥizām al-Ḥizāmī, al-Dimašqī",0676Nawawi.RawdatTalibin,روضة الطالبين وعمدة المفتين  :: روضة الطالبين- الكتب العلمية :: روضة الطالبين وعمدة المفتين,Rawdat Talibin,عادل أحمد عبد الموجود - على محمد معوض :: غير متوفر :: دار الكتب العلمية,ShamAY0034251BK3,pri,1084416.0,https://raw.githubusercontent.com/OpenITI/0700AH/master/data/0676Nawawi/0676Nawawi.RawdatTalibin/0676Nawawi.RawdatTalibin.ShamAY0034251BK3-ara1,:: ShamAY@فقه شافعي,Nawawi,al-Nawawī,"Muḥyī al-dīn Abū Zakariyyā Yaḥyá b. Šaraf b. Murī b. Ḥasan b. Ḥusayn b. Muḥammad b. Ǧumʿaŧ b. Ḥizām al-Ḥizāmī, al-Dimašqī",4563956.0,0676Nawawi
0676Nawawi.TakhmisGhanima.ShamAY0034318-ara1,676,النووي :: محيي الدين أبو زكريا يحيى بن شرف بن مري بن حسن بن حسين بن محمد بن جمعة بن حزام الحزامي، الدمشقي,"Nawawi :: al-Nawawī :: Muḥyī al-dīn Abū Zakariyyā Yaḥyá b. Šaraf b. Murī b. Ḥasan b. Ḥusayn b. Muḥammad b. Ǧumʿaŧ b. Ḥizām al-Ḥizāmī, al-Dimašqī",0676Nawawi.TakhmisGhanima,مسألة وجوب تخميس الغنيمة وقسم باقيها :: مسألة وجوب تخميس الغنيمة وقسم باقيها  :: مسألة وجوب تخميس الغنيمة,Takhmis Ghanima,عبد الرؤوف بن محمد بن أحمد الكمالي :: الأولى 1430 ه - 2009 م :: دار البشائر الإسلامية [ضمن سلسلة لقاء العشر الأواخر (125)],ShamAY0034318,pri,4855.0,https://raw.githubusercontent.com/OpenITI/0700AH/master/data/0676Nawawi/0676Nawawi.TakhmisGhanima/0676Nawawi.TakhmisGhanima.ShamAY0034318-ara1,:: ShamAY@بحوث ومسائل,Nawawi,al-Nawawī,"Muḥyī al-dīn Abū Zakariyyā Yaḥyá b. Šaraf b. Murī b. Ḥasan b. Ḥusayn b. Muḥammad b. Ǧumʿaŧ b. Ḥizām al-Ḥizāmī, al-Dimašqī",20076.0,0676Nawawi
0695IbnMuhammadHusayni.SilatTakmilaLiWafayatNaqala.ShamAY0034633-ara1,695,الحافظ عز الدين أحمد بن محمد بن عبد الرحمن الحسيني (المتوفى:695ه) :: أحمد بن محمد الحسيني,Ibn Muhammad Husayni,0695IbnMuhammadHusayni.SilatTakmilaLiWafayatNaqala,صلة التكملة لوفيات النقلة :: صلة التكملة لوفيات النقلة,Silat Takmila Li Wafayat Naqala,د. بشار عواد معروف :: الأولى 2007 م :: دار الغرب الاسلامي,ShamAY0034633,pri,78615.0,https://raw.githubusercontent.com/OpenITI/0700AH/master/data/0695IbnMuhammadHusayni/0695IbnMuhammadHusayni.SilatTakmilaLiWafayatNaqala/0695IbnMuhammadHusayni.SilatTakmilaLiWafayatNaqala.ShamAY0034633-ara1,:: ShamAY@التراجم والطبقات,Ibn Muhammad Husayni,,,333070.0,0695IbnMuhammadHusayni
0686RadiDinAstarabadhi.SharhRadiCalaKafiya.ShamAY0034703-ara2,686,محمد بن الحسن الرضي الإستراباذي، نجم الدين :: الشيخ رضي الدين محمد بن الحسن الاستراباذي النحوي 686 ه :: الأستراباذي، الرضي,Radi Din Astarabadhi,0686RadiDinAstarabadhi.SharhRadiCalaKafiya,شرح الرضي على الكافية  :: شرح الرضي على الكافية,Sharh Radi Cala Kafiya,,ShamAY0034703,pri,456134.0,https://raw.githubusercontent.com/OpenITI/0700AH/master/data/0686RadiDinAstarabadhi/0686RadiDinAstarabadhi.SharhRadiCalaKafiya/0686RadiDinAstarabadhi.SharhRadiCalaKafiya.ShamAY0034703-ara2,:: ShamAY@النحو والصرف,Radi Din Astarabadhi,,,1894217.0,0686RadiDinAstarabadhi
0687IbnNafis.SharhTashrihQanun.ShamAY0034791-ara1,687,ابن النفيس :: علاء الدين ابن النفيس، علي بن أبي الحزم القرشي :: أبو الحسن علاء الدين بن أبي الحزم القرشي المعروف بابن النفيس,Ibn Nafis,0687IbnNafis.SharhTashrihQanun,شرح تشريح القانون  :: شرح تشريح القانون :: شرح تشريح القانون - موافق للمطبوع,Sharh Tashrih Qanun,د. سلمانقطاية، د. بول غليونجي :: بدون :: المجلس الأعلى للثقافة بالاشتراك مع الهيئة المصرية للكتاب - القاهرة / مصر - 1407ه / 1988م،,ShamAY0034791,pri,101172.0,https://raw.githubusercontent.com/OpenITI/0700AH/master/data/0687IbnNafis/0687IbnNafis.SharhTashrihQanun/0687IbnNafis.SharhTashrihQanun.ShamAY0034791-ara1,:: ShamAY@علوم أخرى,Ibn Nafis,,,432524.0,0687IbnNafis
0695IbnAbiJamra.MukhtasarSahihBukhari.ShamAY0035250-ara1,695,ابن أبي جمرة :: ابن أبي جمرة الأندلسي رحمه الله,Ibn Abi Jamra,0695IbnAbiJamra.MukhtasarSahihBukhari,مختصر صحيح البخاري تحقيق الشحود :: مختصر صحيح البخاري,Mukhtasar Sahih Bukhari,علي بن نايف الشحود,ShamAY0035250,pri,23248.0,https://raw.githubusercontent.com/OpenITI/0700AH/master/data/0695IbnAbiJamra/0695IbnAbiJamra.MukhtasarSahihBukhari/0695IbnAbiJamra.MukhtasarSahihBukhari.ShamAY0035250-ara1,:: ShamAY@متون الحديث - مرقم آليا,Ibn Abi Jamra,,,90820.0,0695IbnAbiJamra
0696AshrafIbnYusufTurkumani.Muctamid.ShamAY0035929-ara1,696,عمر بن يوسف :: الأشرف عمر بن يوسف :: الملك الأشرف عمر بن يوسف بن عمر بن رسول الغساني التركماني,Ashraf Ibn Yusuf Turkumani,0696AshrafIbnYusufTurkumani.Muctamid,المعتمد في الأدوية المفردة :: المعتمد في الأدوية المفردة,Muctamid,,ShamAY0035929,pri,149702.0,https://raw.githubusercontent.com/OpenITI/0700AH/master/data/0696AshrafIbnYusufTurkumani/0696AshrafIbnYusufTurkumani.Muctamid/0696AshrafIbnYusufTurkumani.Muctamid.ShamAY0035929-ara1,:: ShamAY@علوم أخرى - مرقم آليا,Ashraf Ibn Yusuf Turkumani,,,659143.0,0696AshrafIbnYusufTurkumani
0685SadidDinMuhallabi.MuthallathatLughawiyya.ShamAY0037030-ara1,685,سديد الدين أبي القاسم عبد الوهاب بن الحسن بن بركات المهلبي :: سديد الدين أبو القاسم المهلبي,Sadid Din Muhallabi,0685SadidDinMuhallabi.MuthallathatLughawiyya,المثلثات اللغوية للمهلبي = شرح نظم مثلث قطرب :: المثلثات اللغوية,Muthallathat Lughawiyya,د . جميل عبد الله عويضة,ShamAY0037030,pri,18237.0,https://raw.githubusercontent.com/OpenITI/0700AH/master/data/0685SadidDinMuhallabi/0685SadidDinMuhallabi.MuthallathatLughawiyya/0685SadidDinMuhallabi.MuthallathatLughawiyya.ShamAY0037030-ara1,:: ShamAY@النحو والصرف - مرقم آليا,Sadid Din Muhallabi,,,79218.0,0685SadidDinMuhallabi
0699ShihabDinIshbiliLakhmi.QasidaGhazaliyya.ShamAY0037302-ara1,699,شهاب الدين أحمد الإشبيلي,Shihab Din Ishbili Lakhmi,0699ShihabDinIshbiliLakhmi.QasidaGhazaliyya,قصيدة غزلية في ألقاب الحديث  :: قصيدة غزلية في ألقاب الحديث,Qasida Ghazaliyya,,ShamAY0037302,pri,217.0,https://raw.githubusercontent.com/OpenITI/0700AH/master/data/0699ShihabDinIshbiliLakhmi/0699ShihabDinIshbiliLakhmi.QasidaGhazaliyya/0699ShihabDinIshbiliLakhmi.QasidaGhazaliyya.ShamAY0037302-ara1,:: ShamAY@علوم الحديث - مرقم آليا,Shihab Din Ishbili Lakhmi,,,852.0,0699ShihabDinIshbiliLakhmi
0685NasirDinBaydawi.MatnMinhajWusul.ShamAY0037597-ara1,685,ناصر الدين أبو سعيد عبد الله بن عمر بن محمد الشيرازي البيضاوي :: ناصر الدين البيضاوي,Nasir Din Baydawi,0685NasirDinBaydawi.MatnMinhajWusul,متن منهاج الوصول إلى علم الأصول :: متن منهاج الوصول إلى علم الأصول,Matn Minhaj Wusul,,ShamAY0037597,pri,13806.0,https://raw.githubusercontent.com/OpenITI/0700AH/master/data/0685NasirDinBaydawi/0685NasirDinBaydawi.MatnMinhajWusul/0685NasirDinBaydawi.MatnMinhajWusul.ShamAY0037597-ara1,:: ShamAY@أصول الفقه والقواعد الفقهية - مرقم آليا,Nasir Din Baydawi,,,62213.0,0685NasirDinBaydawi
0684ShihabDinQarafi.IhtimalatMarjuha.ShamAY0037611-ara1,684,شهاب الدين القرافي المالكي :: أبو العباس شهاب الدين أحمد بن إدريس بن عبد الرحمن المالكي الشهير بالقرافي :: القرافي,Shihab Din Qarafi,0684ShihabDinQarafi.IhtimalatMarjuha,الاحتمالات المرجوحة وهي الاحتمالات العشرة المخلة بالفهم المذكورة في كتاب المحصول في علم الأصول  :: الاحتمالات المرجوحة وهي الاحتمالات العشرة المخلة بالفهم المذكورة في كتاب المحصول في علم الأصول :: الاحتمالات المرجوحة,Ihtimalat Marjuha,محمد حامد محمد,ShamAY0037611,pri,9403.0,https://raw.githubusercontent.com/OpenITI/0700AH/master/data/0684ShihabDinQarafi/0684ShihabDinQarafi.IhtimalatMarjuha/0684ShihabDinQarafi.IhtimalatMarjuha.ShamAY0037611-ara1,:: ShamAY@أصول الفقه والقواعد الفقهية - مرقم آليا,Shihab Din Qarafi,,,41280.0,0684ShihabDinQarafi
0687IbnNafis.ShamilFiSinacaTibbiyya.Shamela0000240-ara1,687,علاء الدين ابن النفيس، علي بن أبي الحزم القرشي (المتوفى: 687هـ),Ibn Nafis,0687IbnNafis.ShamilFiSinacaTibbiyya,الشامل في الصناعة الطبية، الأدوية والأغذية: كتاب الهمزة,Shamil Fi Sinaca Tibbiyya,يوسف زيدان :: 1، 2000 م :: 2، 2002 م :: المجمع الثقافي، أبوظبي - الإمارات العربية المتحدة - ص. ب 2380 :: http://www.worldcat.org/oclc/4771061422,Shamela0000240,pri,48380.0,https://raw.githubusercontent.com/OpenITI/0700AH/master/data/0687IbnNafis/0687IbnNafis.ShamilFiSinacaTibbiyya/0687IbnNafis.ShamilFiSinacaTibbiyya.Shamela0000240-ara1.completed,COMPLETED :: CENT0700 :: _TIBB :: _MISC :: GAL@literature-islamic :: GAL@1000-1258CE :: GAL@medicine :: GAL@literature-arabic :: GAL@period-postclassical :: MISSING_PARTS :: EDITORIAL_SECTIONS :: Shamela@علوم أخرى,Ibn Nafis,,,214669.0,0687IbnNafis
0685IbnSacidMaghribi.Jughrafiya.Shamela0000463-ara1,685,أبو الحسن على بن موسى بن سعيد المغربي (المتوفى: 685هـ),Ibn Sacid Maghribi,0685IbnSacidMaghribi.Jughrafiya,الجغرافيا,Jughrafiya,https://www.worldcat.org/title/kitab-al-¶    jughrafiya/oclc/717758924?referer=br&ht=edition,Shamela0000463,pri,35042.0,https://raw.githubusercontent.com/OpenITI/0700AH/master/data/0685IbnSacidMaghribi/0685IbnSacidMaghribi.Jughrafiya/0685IbnSacidMaghribi.Jughrafiya.Shamela0000463-ara1.completed,COMPLETED :: CENT0700 :: GEO :: PPE :: _BULDAN :: _JUGHRAFIYA :: _MISC :: _RIHLAT :: GAL@historiography :: GAL@literature-islamic :: GAL@1000-1258CE :: GAL@history :: GAL@history-local :: GAL@literature-arabic :: GAL@period-postclassical :: GAL@spain :: PAGINATION :: Shamela@البلدان والجغرافيا والرحلات - مرقم آليا,Ibn Sacid Maghribi,,,158331.0,0685IbnSacidMaghribi
0690IbnMujawirDimashqi.TarikhMustabsir.Shamela0000471-ara1,690,جمال الدين أبو الفتح يوسف بن يعقوب ابن محمد المعروف بابن المجاور الشيباني الدمشقي (المتوفى: 690هـ),Ibn Mujawir Dimashqi,0690IbnMujawirDimashqi.TarikhMustabsir,تاريخ المستبصر,Tarikh Mustabsir,,Shamela0000471,pri,57228.0,https://raw.githubusercontent.com/OpenITI/0700AH/master/data/0690IbnMujawirDimashqi/0690IbnMujawirDimashqi.TarikhMustabsir/0690IbnMujawirDimashqi.TarikhMustabsir.Shamela0000471-ara1.completed,COMPLETED :: CENT0700 :: PPE :: _BULDAN :: _JUGHRAFIYA :: _MISC :: _RIHLAT :: GAL@geographies :: GAL@literature-islamic :: GAL@1000-1258CE :: GAL@literature-arabic :: GAL@travelogues :: GAL@period-postclassical :: PARATEXT :: HTML_TAGS :: MISSING_PARTS :: Shamela@البلدان والجغرافيا والرحلات - مرقم آليا,Ibn Mujawir Dimashqi,,,240058.0,0690IbnMujawirDimashqi
0676Nawawi.MasailManthura.Shamela0000497-ara1,676,النووي :: محيي الدين أبو زكريا يحيى بن شرف بن مري بن حسن بن حسين بن محمد بن جمعة بن حزام الحزامي، الدمشقي,"Nawawi :: al-Nawawī :: Muḥyī al-dīn Abū Zakariyyā Yaḥyá b. Šaraf b. Murī b. Ḥasan b. Ḥusayn b. Muḥammad b. Ǧumʿaŧ b. Ḥizām al-Ḥizāmī, al-Dimašqī",0676Nawawi.MasailManthura,فتاوى الإمام النووي المسماة: &quot;بالمسائل المنثورة&quot;,Masail Manthura,دار البشائر الإسلامية للطباعة والنشر والتوزيع، بيروت - لبنان,Shamela0000497,pri,27528.0,https://raw.githubusercontent.com/OpenITI/0700AH/master/data/0676Nawawi/0676Nawawi.MasailManthura/0676Nawawi.MasailManthura.Shamela0000497-ara1,CENT0700 :: _FATAWA :: GAL@nodata :: Shamela@الفتاوى,Nawawi,al-Nawawī,"Muḥyī al-dīn Abū Zakariyyā Yaḥyá b. Šaraf b. Murī b. Ḥasan b. Ḥusayn b. Muḥammad b. Ǧumʿaŧ b. Ḥizām al-Ḥizāmī, al-Dimašqī",114821.0,0676Nawawi
0684IbnShaddad.AclaqKhatira.Shamela0000758-ara1,684,ابن شداد :: عز الدين أبو عبد الله محمد بن علي بن إبراهيم الأنصاري، الحلبي,"Ibn Shaddad :: Ibn Šaddād :: ʿIzz al-dīn Abū ʿAbd Allāh Muḥammad b. ʿAlī b. Ibrāhīm al-Anṣārī, al-Ḥalabī",0684IbnShaddad.AclaqKhatira,الأعلاق الخطيرة في ذكر أمراء الشام و الجزيرة,al-Aʿlāq al-ḫaṭīraŧ fī ḏikr umarāʾ al-Šām wa al-Ǧazīraŧ,"http://www.worldcat.org/oclc/122773804,¶    http://www.worldcat.org/oclc/936186258,¶    http://www.worldcat.org/oclc/1005742357,¶    http://www.worldcat.org/oclc/122741396",Shamela0000758,pri,116028.0,https://raw.githubusercontent.com/OpenITI/0700AH/master/data/0684IbnShaddad/0684IbnShaddad.AclaqKhatira/0684IbnShaddad.AclaqKhatira.Shamela0000758-ara1.completed,COMPLETED :: CENT0700 :: PPE :: _BULDAN :: _JUGHRAFIYA :: _RIHLAT :: _TARAJIM :: _TARIKH :: GAL@geographies :: GAL@literature-islamic :: GAL@1000-1258CE :: GAL@literature-arabic :: GAL@travelogues :: GAL@period-postclassical :: INCOMPLETE_VERSION :: PAGINATION :: MISSING_PARTS :: Shamela@البلدان والجغرافيا والرحلات - مرقم آليا,Ibn Shaddad,Ibn Šaddād,"ʿIzz al-dīn Abū ʿAbd Allāh Muḥammad b. ʿAlī b. Ibrāhīm al-Anṣārī, al-Ḥalabī",495921.0,0684IbnShaddad
0692IbnCisaBahaDinIrbili.RisalatTayf.Shamela0000764-ara1,692,الصاحب بهاء الدين علي بن عيسى بن أبي الفتح الإربلي (المتوفى: 692هـ),Ibn Cisa Baha Din Irbili,0692IbnCisaBahaDinIrbili.RisalatTayf,رسالة الطيف,Risalat Tayf,,Shamela0000764,pri,10023.0,https://raw.githubusercontent.com/OpenITI/0700AH/master/data/0692IbnCisaBahaDinIrbili/0692IbnCisaBahaDinIrbili.RisalatTayf/0692IbnCisaBahaDinIrbili.RisalatTayf.Shamela0000764-ara1,CENT0700 :: _ADAB :: _BALAGHA :: _MISC :: GAL@literature-islamic :: GAL@1000-1258CE :: GAL@imamis :: GAL@shia :: GAL@literature-arabic :: GAL@period-postclassical :: Shamela@الأدب والبلاغة - مرقم آليا,Ibn Cisa Baha Din Irbili,,,43003.0,0692IbnCisaBahaDinIrbili
0681IbnKhallikan.WafayatAcyan.Shamela0001000-ara1,681,أبو العباس شمس الدين أحمد بن محمد بن إبراهيم بن أبي بكر ابن خلكان البرمكي الإربلي (المتوفى: 681هـ),Ibn Khallikan,0681IbnKhallikan.WafayatAcyan,وفيات الأعيان وأنباء أبناء الزمان,Wafayat Acyan,إحسان عباس :: 1 - الطبعة: 0، 1900 :: 2 - الطبعة: 0، 1900 :: 3 - الطبعة: 0، 1900 :: 4 - الطبعة: 1، 1971 :: 5 - الطبعة: 1، 1994 :: 6 - الطبعة: 0، 1900 :: 7 - الطبعة: 1، 1994 :: دار صادر - بيروت,Shamela0001000,pri,661205.0,https://raw.githubusercontent.com/OpenITI/0700AH/master/data/0681IbnKhallikan/0681IbnKhallikan.WafayatAcyan/0681IbnKhallikan.WafayatAcyan.Shamela0001000-ara1.completed,COMPLETED :: BIO :: CENT0700 :: COL :: DHB :: PPE :: _TABAQAT :: _TARAJIM :: _TARIKH :: _WAFAYAT :: GAL@genealogy :: GAL@historiography :: GAL@literature-islamic :: GAL@1000-1258CE :: GAL@history :: GAL@history-individuals :: GAL@literature-arabic :: GAL@period-postclassical :: Shamela@التراجم والطبقات,Ibn Khallikan,,,2780734.0,0681IbnKhallikan
0694MuhibbDinTabari.Dhakhair.Shamela0001001-ara1,694,محب الدين أحمد بن عبد الله الطبري (المتوفى: 694هـ),Muhibb Din Tabari,0694MuhibbDinTabari.Dhakhair,ذخائر العقبى في مناقب ذوى القربى,Dhakhair,1356 هـ :: http://www.worldcat.org/oclc/4771293947,Shamela0001001,pri,79017.0,https://raw.githubusercontent.com/OpenITI/0700AH/master/data/0694MuhibbDinTabari/0694MuhibbDinTabari.Dhakhair/0694MuhibbDinTabari.Dhakhair.Shamela0001001-ara1.completed,COMPLETED :: CENT0700 :: PPE :: _ASHAB :: _HADITH :: _SHAMAIL :: _SHICI :: _SIRA :: GAL@literature-islamic :: GAL@1000-1258CE :: GAL@iraq :: GAL@hadith :: GAL@arabia :: GAL@literature-arabic :: GAL@jazira :: GAL@period-postclassical :: GAL@syria :: EDITORIAL_SECTIONS :: PARATEXT :: Shamela@السيرة والشمائل,Muhibb Din Tabari,,,312015.0,0694MuhibbDinTabari
0683IbnMahmudMajdDinMawsili.IkhtiyarLiTaclil.Shamela0001066-ara1,683,عبد الله بن محمود بن مودود الموصلي البلدحي، مجد الدين أبو الفضل الحنفي (المتوفى: 683هـ),Ibn Mahmud Majd Din Mawsili,0683IbnMahmudMajdDinMawsili.IkhtiyarLiTaclil,الاختيار لتعليل المختار,Ikhtiyar Li Taclil,1356 هـ - 1937 م :: مطبعة الحلبي - القاهرة (وصورتها دار الكتب العلمية - بيروت، وغيرها),Shamela0001066,pri,317065.0,https://raw.githubusercontent.com/OpenITI/0700AH/master/data/0683IbnMahmudMajdDinMawsili/0683IbnMahmudMajdDinMawsili.IkhtiyarLiTaclil/0683IbnMahmudMajdDinMawsili.IkhtiyarLiTaclil.Shamela0001066-ara1,CENT0700 :: _FIQH :: _HANAFI :: GAL@hanafis :: GAL@literature-islamic :: GAL@1000-1258CE :: GAL@literature-arabic :: GAL@period-postclassical :: GAL@fiqh :: Shamela@فقه حنفي,Ibn Mahmud Majd Din Mawsili,,,1338253.0,0683IbnMahmudMajdDinMawsili
0684ShihabDinQarafi.Dhakhira.Shamela0001717-ara1,684,أبو العباس شهاب الدين أحمد بن إدريس بن عبد الرحمن المالكي الشهير بالقرافي (المتوفى: 684هـ),Shihab Din Qarafi,0684ShihabDinQarafi.Dhakhira,الذخيرة,Dhakhira,دار الغرب الإسلامي- بيروت :: http://www.worldcat.org/oclc/1044457879,Shamela0001717,pri,1219387.0,https://raw.githubusercontent.com/OpenITI/0700AH/master/data/0684ShihabDinQarafi/0684ShihabDinQarafi.Dhakhira/0684ShihabDinQarafi.Dhakhira.Shamela0001717-ara1.completed,COMPLETED :: CENT0700 :: _FIQH :: _MALIKI :: GAL@literature-islamic :: GAL@1000-1258CE :: GAL@malikis :: GAL@literature-arabic :: GAL@period-postclassical :: GAL@fiqh :: EDITORIAL_SECTIONS :: HTML_TAGS :: MISSING_PARTS :: Shamela@فقه مالكي,Shihab Din Qarafi,,,5083708.0,0684ShihabDinQarafi
0684ShihabDinQarafi.Furuq.Shamela0002215BK1-ara1,684,أبو العباس شهاب الدين أحمد بن إدريس بن عبد الرحمن المالكي الشهير بالقرافي,Shihab Din Qarafi,0684ShihabDinQarafi.Furuq,الفروق = أنوار البروق في أنواء الفروق,Furuq,"عالم الكتب, .n.d :: http://www.worldcat.org/oclc/4771287722",Shamela0002215BK1,pri,810131.0,https://raw.githubusercontent.com/OpenITI/0700AH/master/data/0684ShihabDinQarafi/0684ShihabDinQarafi.Furuq/0684ShihabDinQarafi.Furuq.Shamela0002215BK1-ara1.completed,COMPLETED ::  :: NO_MAJOR_ISSUES :: Shamela@أصول الفقه والقواعد الفقهية,Shihab Din Qarafi,,,3464998.0,0684ShihabDinQarafi
0676Nawawi.IjazFiSharhSunanAbiDawud.Shamela0005064-ara1,676,النووي :: محيي الدين أبو زكريا يحيى بن شرف بن مري بن حسن بن حسين بن محمد بن جمعة بن حزام الحزامي، الدمشقي,"Nawawi :: al-Nawawī :: Muḥyī al-dīn Abū Zakariyyā Yaḥyá b. Šaraf b. Murī b. Ḥasan b. Ḥusayn b. Muḥammad b. Ǧumʿaŧ b. Ḥizām al-Ḥizāmī, al-Dimašqī",0676Nawawi.IjazFiSharhSunanAbiDawud,الإيجاز في شرح سنن أبي داود السجستاني رحمه الله تعالى,Ijaz Fi Sharh Sunan Abi Dawud,الدار الأثرية، عمان - الأردن,Shamela0005064,pri,25505.0,https://raw.githubusercontent.com/OpenITI/0700AH/master/data/0676Nawawi/0676Nawawi.IjazFiSharhSunanAbiDawud/0676Nawawi.IjazFiSharhSunanAbiDawud.Shamela0005064-ara1,CENT0700 :: _HADITH :: _SHARH :: GAL@nodata :: Shamela@شروح الحديث,Nawawi,al-Nawawī,"Muḥyī al-dīn Abū Zakariyyā Yaḥyá b. Šaraf b. Murī b. Ḥasan b. Ḥusayn b. Muḥammad b. Ǧumʿaŧ b. Ḥizām al-Ḥizāmī, al-Dimašqī",103972.0,0676Nawawi
0684IbnHazimQartajanni.MinhajBulagha.Shamela0005388-ara1,684,حازم بن محمد بن حسن، ابن حازم القرطاجني، أبو الحسن (المتوفى: 684هـ),Ibn Hazim Qartajanni,0684IbnHazimQartajanni.MinhajBulagha,منهاج البلغاء وسراج الأدباء,Minhaj Bulagha,,Shamela0005388,pri,70878.0,https://raw.githubusercontent.com/OpenITI/0700AH/master/data/0684IbnHazimQartajanni/0684IbnHazimQartajanni.MinhajBulagha/0684IbnHazimQartajanni.MinhajBulagha.Shamela0005388-ara1,CENT0700 :: _ADAB :: _BALAGHA :: GAL@literature-islamic :: GAL@1000-1258CE :: GAL@africa-north :: GAL@poetry :: GAL@literature-arabic :: GAL@period-postclassical :: GAL@sicily :: Shamela@الأدب والبلاغة - مرقم آليا,Ibn Hazim Qartajanni,,,304026.0,0684IbnHazimQartajanni
0683IbnMunayyir.Mutawari.Shamela0005772-ara1,683,أحمد بن محمد بن منصور بن القاسم بن مختار القاضي، أبو العباس ناصر الدين ابن المنير الجذامي الجروي الإسكندراني (المتوفى: 683هـ),Ibn Munayyir,0683IbnMunayyir.Mutawari,المتواري علي تراجم أبواب البخاري,Mutawari,صلاح الدين مقبول أحمد :: مكتبة المعلا - الكويت,Shamela0005772,pri,62214.0,https://raw.githubusercontent.com/OpenITI/0700AH/master/data/0683IbnMunayyir/0683IbnMunayyir.Mutawari/0683IbnMunayyir.Mutawari.Shamela0005772-ara1,CENT0700 :: _HADITH :: _SHARH :: _TARAJIM :: GAL@nodata :: Shamela@شروح الحديث,Ibn Munayyir,,,253589.0,0683IbnMunayyir
0699ShihabDinIshbiliLakhmi.MukhtasarKhilafiyyat.Shamela0006227-ara1,699,أحمد بن فرح (بسكون الراء) بن أحمد بن محمد بن فرح اللخمى الإشبيلى، نزيل دمشق، أبو العباس، شهاب الدين الشافعي (المتوفى: 699هـ),Shihab Din Ishbili Lakhmi,0699ShihabDinIshbiliLakhmi.MukhtasarKhilafiyyat,مختصر خلافيات البيهقي,Mukhtasar Khilafiyyat,د. ذياب عبد الكريم ذياب عقل :: مكتبة الرشد - السعودية / الرياض,Shamela0006227,pri,252555.0,https://raw.githubusercontent.com/OpenITI/0700AH/master/data/0699ShihabDinIshbiliLakhmi/0699ShihabDinIshbiliLakhmi.MukhtasarKhilafiyyat/0699ShihabDinIshbiliLakhmi.MukhtasarKhilafiyyat.Shamela0006227-ara1,CENT0700 :: _FIQH :: GAL@nodata :: Shamela@فقه عام,Shihab Din Ishbili Lakhmi,,,980053.0,0699ShihabDinIshbiliLakhmi
0685IbnSacidMaghribi.Mughrib.Shamela0006633-ara1,685,أبو الحسن على بن موسى بن سعيد المغربي الأندلسي (المتوفى: 685هـ),Ibn Sacid Maghribi,0685IbnSacidMaghribi.Mughrib,المغرب في حلى المغرب,Mughrib,د. شوقي ضيف :: دار المعارف - القاهرة :: http://www.worldcat.org/oclc/4770834662,Shamela0006633,pri,107605.0,https://raw.githubusercontent.com/OpenITI/0700AH/master/data/0685IbnSacidMaghribi/0685IbnSacidMaghribi.Mughrib/0685IbnSacidMaghribi.Mughrib.Shamela0006633-ara1.completed,COMPLETED :: CENT0700 :: PPE :: _BULDAN :: _TARIKH :: GAL@historiography :: GAL@literature-islamic :: GAL@1000-1258CE :: GAL@history :: GAL@history-local :: GAL@literature-arabic :: GAL@period-postclassical :: GAL@spain :: MISSING_PARTS :: HTML_TAGS :: PAGINATION :: Shamela@التاريخ,Ibn Sacid Maghribi,,,447868.0,0685IbnSacidMaghribi
0699IbnCabdRahmanQazwiniShafici.MukhtasarShucabIman.Shamela0006850-ara1,699,عمر بن عبد الرحمن بن عمر بن أحمد، إمام الدين، أبو القاسم الكرخي التميمي القزويني الشافعي (المتوفى: 699هـ),Ibn Cabd Rahman Qazwini Shafici,0699IbnCabdRahmanQazwiniShafici.MukhtasarShucabIman,مختصر شعب الإيمان للبيهقي,Mukhtasar Shucab Iman,عبد القادر الأرناؤوط :: دار ابن كثير - دمشق,Shamela0006850,pri,11470.0,https://raw.githubusercontent.com/OpenITI/0700AH/master/data/0699IbnCabdRahmanQazwiniShafici/0699IbnCabdRahmanQazwiniShafici.MukhtasarShucabIman/0699IbnCabdRahmanQazwiniShafici.MukhtasarShucabIman.Shamela0006850-ara1,CENT0700 :: _ADAB :: _ADHKAR :: _AKHLAQ :: _CAQAID :: _HADITH :: _MAJMUCAT :: _MISC :: _RAQAIQ :: _TAZKIYA :: GAL@literature-islamic :: GAL@1000-1258CE :: GAL@hadith :: GAL@literature-arabic :: GAL@period-postclassical :: GAL@persia :: Shamela@الرقاق والآداب والأذكار,Ibn Cabd Rahman Qazwini Shafici,,,48075.0,0699IbnCabdRahmanQazwiniShafici
0694MuhibbDinTabari.RiyadNadira.Shamela0008657-ara1,694,أبو العباس، أحمد بن عبد الله بن محمد، محب الدين الطبري (المتوفى: 694هـ),Muhibb Din Tabari,0694MuhibbDinTabari.RiyadNadira,الرياض النضرة في مناقب العشرة,Riyad Nadira,دار الكتب العلمية :: http://www.worldcat.org/oclc/4769989165,Shamela0008657,pri,203517.0,https://raw.githubusercontent.com/OpenITI/0700AH/master/data/0694MuhibbDinTabari/0694MuhibbDinTabari.RiyadNadira/0694MuhibbDinTabari.RiyadNadira.Shamela0008657-ara1.completed,COMPLETED :: CENT0700 :: PPE :: _ASHAB :: _SIRA :: _TABAQAT :: _TARAJIM :: GAL@literature-islamic :: GAL@1000-1258CE :: GAL@iraq :: GAL@hadith :: GAL@arabia :: GAL@literature-arabic :: GAL@jazira :: GAL@period-postclassical :: GAL@syria :: EDITORIAL_SECTIONS :: PARATEXT :: MISSING_PARTS :: Shamela@التراجم والطبقات,Muhibb Din Tabari,,,804272.0,0694MuhibbDinTabari
0685IbnSacidMaghribi.Muqtataf.Shamela0009100-ara1,685,أبو الحسن على بن موسى بن سعيد المغربي الأندلسي (المتوفى: 685هـ),Ibn Sacid Maghribi,0685IbnSacidMaghribi.Muqtataf,المقتطف من أزاهر الطرف,Muqtataf,1425 هـ :: شركة أمل، القاهرة,Shamela0009100,pri,46172.0,https://raw.githubusercontent.com/OpenITI/0700AH/master/data/0685IbnSacidMaghribi/0685IbnSacidMaghribi.Muqtataf/0685IbnSacidMaghribi.Muqtataf.Shamela0009100-ara1,CENT0700 :: _ADAB :: _BALAGHA :: GAL@nodata :: Shamela@الأدب والبلاغة,Ibn Sacid Maghribi,,,194820.0,0685IbnSacidMaghribi
0685IbnSacidMaghribi.GhusunYanica.Shamela0009235-ara1,685,أبو الحسن على بن موسى بن سعيد المغربي الأندلسي (المتوفى: 685هـ),Ibn Sacid Maghribi,0685IbnSacidMaghribi.GhusunYanica,الغصون اليانعة في محاسن شعراء المائة السابعة,Ghusun Yanica,إبراهيم الأبياري :: دار المعارف، مصر :: http://www.worldcat.org/oclc/4770493588,Shamela0009235,pri,15403.0,https://raw.githubusercontent.com/OpenITI/0700AH/master/data/0685IbnSacidMaghribi/0685IbnSacidMaghribi.GhusunYanica/0685IbnSacidMaghribi.GhusunYanica.Shamela0009235-ara1.completed,COMPLETED :: BIO :: CENT0700 :: PPE :: _TABAQAT :: _TARAJIM :: GAL@historiography :: GAL@literature-islamic :: GAL@1000-1258CE :: GAL@history :: GAL@history-local :: GAL@literature-arabic :: GAL@period-postclassical :: GAL@spain :: MISSING_PARTS :: PARATEXT :: Shamela@التراجم والطبقات,Ibn Sacid Maghribi,,,63516.0,0685IbnSacidMaghribi
0682ZakariyaQazwini.AtharBilad.Shamela0009631-ara1,682,زكريا بن محمد بن محمود القزويني (المتوفى: 682هـ),Zakariya Qazwini,0682ZakariyaQazwini.AtharBilad,آثار البلاد وأخبار العباد,Athar Bilad,دار صادر - بيروت :: http://www.worldcat.org/oclc/4771188483,Shamela0009631,pri,146044.0,https://raw.githubusercontent.com/OpenITI/0700AH/master/data/0682ZakariyaQazwini/0682ZakariyaQazwini.AtharBilad/0682ZakariyaQazwini.AtharBilad.Shamela0009631-ara1.completed,COMPLETED :: CENT0700 :: PPE :: _BULDAN :: _JUGHRAFIYA :: _RIHLAT :: _TARIKH :: GAL@geographies :: GAL@literature-islamic :: GAL@1000-1258CE :: GAL@literature-arabic :: GAL@travelogues :: GAL@period-postclassical :: EDITORIAL_SECTIONS :: Shamela@البلدان والجغرافيا والرحلات,Zakariya Qazwini,,,625756.0,0682ZakariyaQazwini
0676Nawawi.TahdhibAsma.Shamela0009702-ara1,676,النووي :: محيي الدين أبو زكريا يحيى بن شرف بن مري بن حسن بن حسين بن محمد بن جمعة بن حزام الحزامي، الدمشقي,"Nawawi :: al-Nawawī :: Muḥyī al-dīn Abū Zakariyyā Yaḥyá b. Šaraf b. Murī b. Ḥasan b. Ḥusayn b. Muḥammad b. Ǧumʿaŧ b. Ḥizām al-Ḥizāmī, al-Dimašqī",0676Nawawi.TahdhibAsma,,Tahdhib Asma,http://www.worldcat.org/oclc/20240100,Shamela0009702,pri,340596.0,https://raw.githubusercontent.com/OpenITI/0700AH/master/data/0676Nawawi/0676Nawawi.TahdhibAsma/0676Nawawi.TahdhibAsma.Shamela0009702-ara1.completed,COMPLETED :: CENT0700 :: PPE :: _GHARIB :: _LUGHA :: _MACAJIM :: _MISC :: _MUSTALAHAT :: _TABAQAT :: _TARAJIM :: GAL@literature-islamic :: GAL@1000-1258CE :: GAL@literature-arabic :: GAL@period-postclassical :: GAL@shafiis :: GAL@fiqh :: EDITORIAL_SECTIONS :: PARATEXT :: HTML_TAGS :: Shamela@التراجم والطبقات,Nawawi,al-Nawawī,"Muḥyī al-dīn Abū Zakariyyā Yaḥyá b. Šaraf b. Murī b. Ḥasan b. Ḥusayn b. Muḥammad b. Ǧumʿaŧ b. Ḥizām al-Ḥizāmī, al-Dimašqī",1422378.0,0676Nawawi
0698SunqurMughani.JuzMashyakhatIbnSasra.Shamela0010076-ara1,698,شمس الدين، أبو القاسم الحسين ابن أبي الغنائم هبة الله بن محفوظ بن الحسن بن محمد بن الحسن بن أحمد بن الحسين بن صصرى الربعي، التغلبي، الجزري، البلدي، الدمشقي (المتوفى: 626هـ),Sunqur Mughani,0698SunqurMughani.JuzMashyakhatIbnSasra,أحاديث منتخبة من مشيخة ابن صصري - مخطوط,Juz Mashyakhat Ibn Sasra,,Shamela0010076,pri,892.0,https://raw.githubusercontent.com/OpenITI/0700AH/master/data/0698SunqurMughani/0698SunqurMughani.JuzMashyakhatIbnSasra/0698SunqurMughani.JuzMashyakhatIbnSasra.Shamela0010076-ara1.completed,COMPLETED :: CENT0700 :: PPE :: _HADITH :: _MAKHTUTAT :: GAL@nodata :: HTML_TAGS :: RANDOM_CHARS :: EDITORIAL_SECTIONS :: PARATEXT :: FOOTNOTES :: Shamela@مخطوطات حديثية,Sunqur Mughani,,,3568.0,0698SunqurMughani
0688IbnAhmadIshbiliUmawi.TafsirKitabCaziz.Shamela0010091-ara1,688,عبيد الله بن أحمد بن عبيد الله، ابن أبي الربيع القرشي الأموي العثماني الإشبيلي (المتوفى: 688هـ),Ibn Ahmad Ishbili Umawi,0688IbnAhmadIshbiliUmawi.TafsirKitabCaziz,تفسير الكتاب العزيز وإعرابه,Tafsir Kitab Caziz,علي بن سلطان الحكمي :: الجامعة الإسلامية بالدينة المنورة,Shamela0010091,pri,19953.0,https://raw.githubusercontent.com/OpenITI/0700AH/master/data/0688IbnAhmadIshbiliUmawi/0688IbnAhmadIshbiliUmawi.TafsirKitabCaziz/0688IbnAhmadIshbiliUmawi.TafsirKitabCaziz.Shamela0010091-ara1,CENT0700 :: _TAFSIR :: GAL@nodata :: Shamela@التفاسير,Ibn Ahmad Ishbili Umawi,,,84901.0,0688IbnAhmadIshbiliUmawi
0676Nawawi.Adhkar.Shamela0010639-ara1,676,النووي :: محيي الدين أبو زكريا يحيى بن شرف بن مري بن حسن بن حسين بن محمد بن جمعة بن حزام الحزامي، الدمشقي,"Nawawi :: al-Nawawī :: Muḥyī al-dīn Abū Zakariyyā Yaḥyá b. Šaraf b. Murī b. Ḥasan b. Ḥusayn b. Muḥammad b. Ǧumʿaŧ b. Ḥizām al-Ḥizāmī, al-Dimašqī",0676Nawawi.Adhkar,الأذكار للنووي,Adhkar,الجفان والجابي - دار ابن حزم للطباعة والنشر,Shamela0010639,pri,145274.0,https://raw.githubusercontent.com/OpenITI/0700AH/master/data/0676Nawawi/0676Nawawi.Adhkar/0676Nawawi.Adhkar.Shamela0010639-ara1,CENT0700 :: _ADAB :: _ADHKAR :: _AKHLAQ :: _HADITH :: _RAQAIQ :: _SUNNI :: _TAZKIYA :: GAL@literature-islamic :: GAL@1000-1258CE :: GAL@literature-arabic :: GAL@period-postclassical :: GAL@shafiis :: GAL@fiqh :: Shamela@الرقاق والآداب والأذكار,Nawawi,al-Nawawī,"Muḥyī al-dīn Abū Zakariyyā Yaḥyá b. Šaraf b. Murī b. Ḥasan b. Ḥusayn b. Muḥammad b. Ǧumʿaŧ b. Ḥizām al-Ḥizāmī, al-Dimašqī",589953.0,0676Nawawi
0676Nawawi.IctiqadSalafFiHuruf.Shamela0011137-ara1,676,النووي :: محيي الدين أبو زكريا يحيى بن شرف بن مري بن حسن بن حسين بن محمد بن جمعة بن حزام الحزامي، الدمشقي,"Nawawi :: al-Nawawī :: Muḥyī al-dīn Abū Zakariyyā Yaḥyá b. Šaraf b. Murī b. Ḥasan b. Ḥusayn b. Muḥammad b. Ǧumʿaŧ b. Ḥizām al-Ḥizāmī, al-Dimašqī",0676Nawawi.IctiqadSalafFiHuruf,جزء فيه ذكر اعتقاد السلف في الحروف والأصوات,Ictiqad Salaf Fi Huruf,أحمد بن على الدمياطي :: مكتبة الأنصار للنشر والتوزيع,Shamela0011137,pri,12073.0,https://raw.githubusercontent.com/OpenITI/0700AH/master/data/0676Nawawi/0676Nawawi.IctiqadSalafFiHuruf/0676Nawawi.IctiqadSalafFiHuruf.Shamela0011137-ara1,CENT0700 :: _CAQAID :: GAL@nodata :: Shamela@العقيدة,Nawawi,al-Nawawī,"Muḥyī al-dīn Abū Zakariyyā Yaḥyá b. Šaraf b. Murī b. Ḥasan b. Ḥusayn b. Muḥammad b. Ǧumʿaŧ b. Ḥizām al-Ḥizāmī, al-Dimašqī",50922.0,0676Nawawi
0676Nawawi.MinhajTalibin.Shamela0011444BK1-ara1,676,النووي :: محيي الدين أبو زكريا يحيى بن شرف بن مري بن حسن بن حسين بن محمد بن جمعة بن حزام الحزامي، الدمشقي,"Nawawi :: al-Nawawī :: Muḥyī al-dīn Abū Zakariyyā Yaḥyá b. Šaraf b. Murī b. Ḥasan b. Ḥusayn b. Muḥammad b. Ǧumʿaŧ b. Ḥizām al-Ḥizāmī, al-Dimašqī",0676Nawawi.MinhajTalibin,مغني المحتاج إلى معرفة معاني ألفاظ المنهاج,Minhaj Talibin,دار الكتب العلمية,Shamela0011444BK1,pri,76919.0,https://raw.githubusercontent.com/OpenITI/0700AH/master/data/0676Nawawi/0676Nawawi.MinhajTalibin/0676Nawawi.MinhajTalibin.Shamela0011444BK1-ara1,:: Shamela@فقه شافعي,Nawawi,al-Nawawī,"Muḥyī al-dīn Abū Zakariyyā Yaḥyá b. Šaraf b. Murī b. Ḥasan b. Ḥusayn b. Muḥammad b. Ǧumʿaŧ b. Ḥizām al-Ḥizāmī, al-Dimašqī",315752.0,0676Nawawi
0695IbnCidhariMarrakushi.BayanMaghrib.Shamela0011782-ara1,695,ابن عذاري المراكشي، أبو عبد الله محمد بن محمد (المتوفى: نحو 695هـ),Ibn Cidhari Marrakushi,0695IbnCidhariMarrakushi.BayanMaghrib,البيان المغرب في أخبار الأندلس والمغرب,Bayan Maghrib,ج. س. كولان، إ. ليفي بروفنسال :: دار الثقافة، بيروت - لبنان :: https://www.worldcat.org/title/kitab-al-bayan-al-¶    mugrib-fi-ahbar-al-andalus-wa-al-magrib-al-guz-al-tani-li-ibn-idari-al-¶    marrakusi-nasr-wa-tahqiq-gs-kulan-i-livi-¶    pruvansal/oclc/793130904&referer=brief_results,Shamela0011782,pri,151827.0,https://raw.githubusercontent.com/OpenITI/0700AH/master/data/0695IbnCidhariMarrakushi/0695IbnCidhariMarrakushi.BayanMaghrib/0695IbnCidhariMarrakushi.BayanMaghrib.Shamela0011782-ara1.completed,COMPLETED :: CENT0700 :: _BULDAN :: _TARIKH :: GAL@historiography :: GAL@literature-islamic :: GAL@1000-1258CE :: GAL@history :: GAL@history-local :: GAL@literature-arabic :: GAL@period-postclassical :: GAL@spain :: NO_MAJOR_ISSUES :: Shamela@التاريخ,Ibn Cidhari Marrakushi,,,647634.0,0695IbnCidhariMarrakushi
0676Nawawi.RiyadSalihin.Shamela0012014-ara1,676,النووي :: محيي الدين أبو زكريا يحيى بن شرف بن مري بن حسن بن حسين بن محمد بن جمعة بن حزام الحزامي، الدمشقي,"Nawawi :: al-Nawawī :: Muḥyī al-dīn Abū Zakariyyā Yaḥyá b. Šaraf b. Murī b. Ḥasan b. Ḥusayn b. Muḥammad b. Ǧumʿaŧ b. Ḥizām al-Ḥizāmī, al-Dimašqī",0676Nawawi.RiyadSalihin,رياض الصالحين,Riyāḍ al-ṣāliḥīn,شعيب الأرنؤوط :: مؤسسة الرسالة، بيروت، لبنان :: http://www.worldcat.org/oclc/962919075 (1998 edition),Shamela0012014,pri,121747.0,https://raw.githubusercontent.com/OpenITI/0700AH/master/data/0676Nawawi/0676Nawawi.RiyadSalihin/0676Nawawi.RiyadSalihin.Shamela0012014-ara1.mARkdown,MARKDOWN :: CENT0700 :: _ADAB :: _ADHKAR :: _AKHLAQ :: _HADITH :: _MAJMUCAT :: _MISC :: _RAQAIQ :: _SUNNI :: _TAZKIYA :: GAL@literature-islamic :: GAL@1000-1258CE :: GAL@literature-arabic :: GAL@period-postclassical :: GAL@shafiis :: GAL@fiqh :: NO_MAJOR_ISSUES :: Shamela@الرقاق والآداب والأذكار,Nawawi,al-Nawawī,"Muḥyī al-dīn Abū Zakariyyā Yaḥyá b. Šaraf b. Murī b. Ḥasan b. Ḥusayn b. Muḥammad b. Ǧumʿaŧ b. Ḥizām al-Ḥizāmī, al-Dimašqī",484704.0,0676Nawawi
0685IbnCibri.TarikhMukhtasarDuwal.Shamela0012348-ara1,685,غريغوريوس (واسمه في الولادة يوحنا) ابن أهرون (أو هارون) بن توما الملطي، أبو الفرج المعروف بابن العبري (المتوفى: 685هـ),Ibn Cibri,0685IbnCibri.TarikhMukhtasarDuwal,تاريخ مختصر الدول,Tarikh Mukhtasar Duwal,أنطون صالحاني اليسوعي :: دار الشرق، بيروت,Shamela0012348,pri,95922.0,https://raw.githubusercontent.com/OpenITI/0700AH/master/data/0685IbnCibri/0685IbnCibri.TarikhMukhtasarDuwal/0685IbnCibri.TarikhMukhtasarDuwal.Shamela0012348-ara1.completed,COMPLETED :: CENT0700 :: PPE :: _TARIKH :: GAL@historiography :: GAL@literature-islamic :: GAL@1000-1258CE :: GAL@history :: GAL@literature-arabic :: GAL@history-caliphs :: GAL@period-postclassical :: GAL@history-world :: Shamela@التاريخ,Ibn Cibri,,,423251.0,0685IbnCibri
0676Nawawi.ArbacunaNawawiyya.Shamela0012836-ara1,676,النووي :: محيي الدين أبو زكريا يحيى بن شرف بن مري بن حسن بن حسين بن محمد بن جمعة بن حزام الحزامي، الدمشقي,"Nawawi :: al-Nawawī :: Muḥyī al-dīn Abū Zakariyyā Yaḥyá b. Šaraf b. Murī b. Ḥasan b. Ḥusayn b. Muḥammad b. Ǧumʿaŧ b. Ḥizām al-Ḥizāmī, al-Dimašqī",0676Nawawi.ArbacunaNawawiyya,الأربعون النووية,al-Arbaʿūn al-nawawiyyaŧ,دار المنهاج للنشر والتوزيع، لبنان - بيروت,Shamela0012836,pri,3465.0,https://raw.githubusercontent.com/OpenITI/0700AH/master/data/0676Nawawi/0676Nawawi.ArbacunaNawawiyya/0676Nawawi.ArbacunaNawawiyya.Shamela0012836-ara1.mARkdown,MARKDOWN :: CENT0700 :: _ADAB :: _ADHKAR :: _RAQAIQ :: GAL@literature-islamic :: GAL@1000-1258CE :: GAL@literature-arabic :: GAL@period-postclassical :: GAL@shafiis :: GAL@fiqh :: MISSING_PARTS :: Shamela@الرقاق والآداب والأذكار,Nawawi,al-Nawawī,"Muḥyī al-dīn Abū Zakariyyā Yaḥyá b. Šaraf b. Murī b. Ḥasan b. Ḥusayn b. Muḥammad b. Ǧumʿaŧ b. Ḥizām al-Ḥizāmī, al-Dimašqī",14399.0,0676Nawawi
0680IbnSabuni.TakmilatIkmalIkmal.Shamela0021107-ara1,680,"ابن الصابوني , محمد بن علي بن محمود، أبو حامد، جمال الدين المحمودي (المتوفى: 680هـ)",Ibn Sabuni,0680IbnSabuni.TakmilatIkmalIkmal,تكملة إكمال الإكمال في الأنساب والأسماء والألقاب,Takmilat Ikmal Ikmal,دار الكتب العلمية -بيروت-لبنان,Shamela0021107,pri,41744.0,https://raw.githubusercontent.com/OpenITI/0700AH/master/data/0680IbnSabuni/0680IbnSabuni.TakmilatIkmalIkmal/0680IbnSabuni.TakmilatIkmalIkmal.Shamela0021107-ara1.completed,COMPLETED :: CENT0700 :: ONO :: PPE :: _HADITH :: _MISC :: _TABAQAT :: _TARAJIM :: GAL@nodata :: Shamela@التراجم والطبقات,Ibn Sabuni,,,179169.0,0680IbnSabuni
0682IbnCabdakKunji.MashyakhatDiyaDinTurkumani.Shamela0021681-ara1,682,دانيال بن منكلي بن صرفا ضياء الدين أبو الفضائل التركماني الشافعي المقرىء قاضي الكرك (المتوفى: 696هـ),Ibn Cabdak Kunji,0682IbnCabdakKunji.MashyakhatDiyaDinTurkumani,مشيخة دانيال - مخطوط,Mashyakhat Diya Din Turkumani,,Shamela0021681,pri,15410.0,https://raw.githubusercontent.com/OpenITI/0700AH/master/data/0682IbnCabdakKunji/0682IbnCabdakKunji.MashyakhatDiyaDinTurkumani/0682IbnCabdakKunji.MashyakhatDiyaDinTurkumani.Shamela0021681-ara1.completed,COMPLETED :: CENT0700 :: PPE :: _HADITH :: _MAKHTUTAT :: GAL@nodata :: EDITORIAL_SECTIONS :: Shamela@مخطوطات حديثية,Ibn Cabdak Kunji,,,61091.0,0682IbnCabdakKunji
0684ShihabDinQarafi.SharhTanqih.Shamela0021813-ara1,684,أبو العباس شهاب الدين أحمد بن إدريس بن عبد الرحمن المالكي الشهير بالقرافي (المتوفى: 684هـ),Shihab Din Qarafi,0684ShihabDinQarafi.SharhTanqih,شرح تنقيح الفصول,Sharh Tanqih,طه عبد الرؤوف سعد :: شركة الطباعة الفنية المتحدة,Shamela0021813,pri,117828.0,https://raw.githubusercontent.com/OpenITI/0700AH/master/data/0684ShihabDinQarafi/0684ShihabDinQarafi.SharhTanqih/0684ShihabDinQarafi.SharhTanqih.Shamela0021813-ara1,CENT0700 :: _FIQH :: _QAWACID :: _USUL :: GAL@literature-islamic :: GAL@1000-1258CE :: GAL@malikis :: GAL@literature-arabic :: GAL@period-postclassical :: GAL@fiqh :: Shamela@أصول الفقه والقواعد الفقهية,Shihab Din Qarafi,,,509823.0,0684ShihabDinQarafi
0685NasirDinBaydawi.AnwarTanzil.Shamela0023588-ara1,685,ناصر الدين أبو سعيد عبد الله بن عمر بن محمد الشيرازي البيضاوي (المتوفى: 685هـ),Nasir Din Baydawi,0685NasirDinBaydawi.AnwarTanzil,أنوار التنزيل وأسرار التأويل,Anwar Tanzil,محمد عبد الرحمن المرعشلي :: دار إحياء التراث العربي - بيروت,Shamela0023588,pri,572251.0,https://raw.githubusercontent.com/OpenITI/0700AH/master/data/0685NasirDinBaydawi/0685NasirDinBaydawi.AnwarTanzil/0685NasirDinBaydawi.AnwarTanzil.Shamela0023588-ara1,CENT0700 :: _TAFSIR :: GAL@quran-tafsir :: GAL@literature-islamic :: GAL@1000-1258CE :: GAL@quran :: GAL@quran-sciences :: GAL@literature-arabic :: GAL@period-postclassical :: Shamela@التفاسير,Nasir Din Baydawi,,,2472815.0,0685NasirDinBaydawi
0684IbnBalabanDimashqiMuqaddasi.Juz.Shamela0026641-ara1,684,علي بن بلبان الدمشقي علاء الدين أبو الحسن الناصري المحدث ابن الشرف (المتوفى: 684هـ),Ibn Balaban Dimashqi Muqaddasi,0684IbnBalabanDimashqiMuqaddasi.Juz,جزء فيه خمسة أحاديث عن الأئمة الخمسة,Juz,رياض حسين الطائي :: دار المغني - الرياض,Shamela0026641,pri,3930.0,https://raw.githubusercontent.com/OpenITI/0700AH/master/data/0684IbnBalabanDimashqiMuqaddasi/0684IbnBalabanDimashqiMuqaddasi.Juz/0684IbnBalabanDimashqiMuqaddasi.Juz.Shamela0026641-ara1,CENT0700 :: _AJZA :: _HADITH :: GAL@nodata :: Shamela@الأجزاء الحديثية,Ibn Balaban Dimashqi Muqaddasi,,,15730.0,0684IbnBalabanDimashqiMuqaddasi
0686AbuYamanIbnCasakir.AhadithSafar.Shamela0026669-ara1,686,عبد الصمد بن عبد الوهاب بن أبي الحسن محمد بن هبة الله بن عبد الله بن الحسين أمين الدين أبو اليمن بن عساكر الدمشقي نزيل مكة (المتوفى: 686هـ),Abu Yaman Ibn Casakir,0686AbuYamanIbnCasakir.AhadithSafar,أحاديث السفر لأبي اليمن,Ahadith Safar,رياض حسين الطائي :: دار المغني - الرياض,Shamela0026669,pri,1705.0,https://raw.githubusercontent.com/OpenITI/0700AH/master/data/0686AbuYamanIbnCasakir/0686AbuYamanIbnCasakir.AhadithSafar/0686AbuYamanIbnCasakir.AhadithSafar.Shamela0026669-ara1,CENT0700 :: _AJZA :: _HADITH :: GAL@nodata :: Shamela@الأجزاء الحديثية,Abu Yaman Ibn Casakir,,,6885.0,0686AbuYamanIbnCasakir
0686AbuYamanIbnCasakir.JuzFihiAhadithShahrRamadan.Shamela0026723-ara1,686,عبد الصمد بن عبد الوهاب بن أبي الحسن محمد بن هبة الله بن عبد الله بن الحسين أمين الدين أبو اليمن بن عساكر الدمشقي نزيل مكة (المتوفى: 686هـ),Abu Yaman Ibn Casakir,0686AbuYamanIbnCasakir.JuzFihiAhadithShahrRamadan,جزء فيه أحاديث شهر رمضان في فضل صيامه وقيامه,Juz Fihi Ahadith Shahr Ramadan,علي بن حسن بن علي بن عبد الحميد الحلبي الأثري :: دار ابن عفان للنشر والتوزيع,Shamela0026723,pri,4593.0,https://raw.githubusercontent.com/OpenITI/0700AH/master/data/0686AbuYamanIbnCasakir/0686AbuYamanIbnCasakir.JuzFihiAhadithShahrRamadan/0686AbuYamanIbnCasakir.JuzFihiAhadithShahrRamadan.Shamela0026723-ara1,CENT0700 :: _AJZA :: _HADITH :: GAL@nodata :: Shamela@الأجزاء الحديثية,Abu Yaman Ibn Casakir,,,17933.0,0686AbuYamanIbnCasakir
0686AbuYamanIbnCasakir.IthafZair.Shamela0026764-ara1,686,عبد الصمد بن عبد الوهاب بن أبي الحسن محمد بن هبة الله بن عبد الله بن الحسين أمين الدين أبو اليمن بن عساكر الدمشقي نزيل مكة (المتوفى: 686هـ),Abu Yaman Ibn Casakir,0686AbuYamanIbnCasakir.IthafZair,إتحاف الزائر وإطراف المقيم للسائر في زيارة النبي صلى الله عليه وسلم,Ithaf Zair,حسين محمد علي شكري :: شركة دار الأرقم بن أبي الأرقم,Shamela0026764,pri,26682.0,https://raw.githubusercontent.com/OpenITI/0700AH/master/data/0686AbuYamanIbnCasakir/0686AbuYamanIbnCasakir.IthafZair/0686AbuYamanIbnCasakir.IthafZair.Shamela0026764-ara1,CENT0700 :: _AJZA :: _HADITH :: GAL@nodata :: Shamela@الأجزاء الحديثية,Abu Yaman Ibn Casakir,,,107185.0,0686AbuYamanIbnCasakir
0676IbnIbrahimShamsDinMuqaddasi.KalamCalaWusul.Shamela0026924-ara1,676,محمد بن إبراهيم بن عبد الواحد بن علي، أبو عبد الله شمس الدين ابن أبي السرور المقدسي الحنبلي (المتوفى: 676هـ),Ibn Ibrahim Shams Din Muqaddasi,0676IbnIbrahimShamsDinMuqaddasi.KalamCalaWusul,الكلام على وصول القراءة للميت,Kalam Cala Wusul,أبو عبد الرحمن شوكت بن رفقي شحالتوغ :: الدار الأثرية [طبع ضمن مجموع فيه رسائل في حكم إهداء ثواب قراءة القرآن للأموات],Shamela0026924,pri,2137.0,https://raw.githubusercontent.com/OpenITI/0700AH/master/data/0676IbnIbrahimShamsDinMuqaddasi/0676IbnIbrahimShamsDinMuqaddasi.KalamCalaWusul/0676IbnIbrahimShamsDinMuqaddasi.KalamCalaWusul.Shamela0026924-ara1,CENT0700 :: _AJZA :: _HADITH :: GAL@nodata :: Shamela@الأجزاء الحديثية,Ibn Ibrahim Shams Din Muqaddasi,,,8668.0,0676IbnIbrahimShamsDinMuqaddasi
0678IbnAbiMansurIbnSayrafiHarrani.CillatHadithMusalsal.Shamela0027102-ara1,678,يحيى بن أبي منصور بن أبي الفتح ابن رافع الحراني، أبو زكريا، جمال الدين الحبيشي، ويعرف أيضا بابن الصيرفي (المتوفى: 678هـ),Ibn Abi Mansur Ibn Sayrafi Harrani,0678IbnAbiMansurIbnSayrafiHarrani.CillatHadithMusalsal,علة الحديث المسلسل في يوم العيدين,Cillat Hadith Musalsal,د. محمد بن تركي التركي :: دار الوطن للنشر [ضمن مجموع فيه الأحاديث العيدية المسلسة وغيره],Shamela0027102,pri,473.0,https://raw.githubusercontent.com/OpenITI/0700AH/master/data/0678IbnAbiMansurIbnSayrafiHarrani/0678IbnAbiMansurIbnSayrafiHarrani.CillatHadithMusalsal/0678IbnAbiMansurIbnSayrafiHarrani.CillatHadithMusalsal.Shamela0027102-ara1,CENT0700 :: _AJZA :: _HADITH :: GAL@nodata :: Shamela@الأجزاء الحديثية,Ibn Abi Mansur Ibn Sayrafi Harrani,,,1933.0,0678IbnAbiMansurIbnSayrafiHarrani
0685IbnSacidMaghribi.NashwatTarab.Shamela0028174-ara1,685,ابن سعيد الأندلسي,Ibn Sacid Maghribi,0685IbnSacidMaghribi.NashwatTarab,نشوة الطرب في تاريخ جاهلية العرب,Nashwat Tarab,الدكتور نصرت عبد الرحمن :: مكتبة الأقصى، عمان - الأردن :: http://www.worldcat.org/oclc/4770067478,Shamela0028174,pri,76468.0,https://raw.githubusercontent.com/OpenITI/0700AH/master/data/0685IbnSacidMaghribi/0685IbnSacidMaghribi.NashwatTarab/0685IbnSacidMaghribi.NashwatTarab.Shamela0028174-ara1.completed,COMPLETED :: CENT0700 :: PPE :: _TARIKH :: GAL@historiography :: GAL@literature-islamic :: GAL@1000-1258CE :: GAL@history :: GAL@history-local :: GAL@literature-arabic :: GAL@period-postclassical :: GAL@spain :: EDITORIAL_SECTIONS :: HTML_TAGS :: Shamela@التاريخ,Ibn Sacid Maghribi,,,313921.0,0685IbnSacidMaghribi
0677IbnAhmadIbnZahirIrbili.Sabr.Shamela0029675-ara1,677,محمد بن أحمد بن عمر مجد الدين أبو عبد الله المعروف بابن الظهير الإربيلي المتوفى 677 هـ,Ibn Ahmad Ibn Zahir Irbili,0677IbnAhmadIbnZahirIrbili.Sabr,الصبر مطية النجاح قصيدة في الحكم,Sabr,1422 هـ - 2001 م :: دار الفكر، دمشق - سورية,Shamela0029675,pri,1773.0,https://raw.githubusercontent.com/OpenITI/0700AH/master/data/0677IbnAhmadIbnZahirIrbili/0677IbnAhmadIbnZahirIrbili.Sabr/0677IbnAhmadIbnZahirIrbili.Sabr.Shamela0029675-ara1,_ADAB :: _ADHKAR :: _RAQAIQ :: GAL@nodata :: Shamela@الرقاق والآداب والأذكار,Ibn Ahmad Ibn Zahir Irbili,,,7337.0,0677IbnAhmadIbnZahirIrbili
0688IbnCabdRahimIbnKamalDinHanbali.MuntaqaMinSamacat.Shamela0030696-ara1,688,محمد بن عبد الرحيم بن عبد الواحد بن أحمد بن عبد الرحمن المقدسي شمس الدين المعروف بابن الكمال الحنبلي (المتوفى: 688هـ),Ibn Cabd Rahim Ibn Kamal Din Hanbali,0688IbnCabdRahimIbnKamalDinHanbali.MuntaqaMinSamacat,المنتقى من سماعات محمد بن عبد الرحيم المقدسي,Muntaqa Min Samacat,,Shamela0030696,pri,2572.0,https://raw.githubusercontent.com/OpenITI/0700AH/master/data/0688IbnCabdRahimIbnKamalDinHanbali/0688IbnCabdRahimIbnKamalDinHanbali.MuntaqaMinSamacat/0688IbnCabdRahimIbnKamalDinHanbali.MuntaqaMinSamacat.Shamela0030696-ara1,CENT0700 :: _AJZA :: _HADITH :: GAL@nodata :: Shamela@الأجزاء الحديثية - مرقم آليا,Ibn Cabd Rahim Ibn Kamal Din Hanbali,,,9802.0,0688IbnCabdRahimIbnKamalDinHanbali
0678IbnAhmadCizzDinMuqaddasi.KashfAsrar.Shamela0031379-ara1,678,عز الدين عبد السلام بن أحمد بن غانم المقدسي (المتوفى: 678هـ),Ibn Ahmad Cizz Din Muqaddasi,0678IbnAhmadCizzDinMuqaddasi.KashfAsrar,كشف الأسرار في حكم الطيور والأزهار,Kashf Asrar,علاء عبد الوهاب محمد :: دار الفضيلة - القاهرة,Shamela0031379,pri,6657.0,https://raw.githubusercontent.com/OpenITI/0700AH/master/data/0678IbnAhmadCizzDinMuqaddasi/0678IbnAhmadCizzDinMuqaddasi.KashfAsrar/0678IbnAhmadCizzDinMuqaddasi.KashfAsrar.Shamela0031379-ara1,CENT0700 :: _ADAB :: _BALAGHA :: _FIQH :: _MASAIL :: GAL@nodata :: Shamela@الأدب والبلاغة,Ibn Ahmad Cizz Din Muqaddasi,,,28327.0,0678IbnAhmadCizzDinMuqaddasi
0699IbnCabdRahmanIbnMurahhal.MatnMuwattatFasih.Shamela0037482-ara1,699,مالك بن عبد الرحمن بن فرج ابن أزرق بن منين بن سالم بن فرج، أبو الحكم، ابن المرحل (المتوفى: 699هـ),Ibn Cabd Rahman Ibn Murahhal,0699IbnCabdRahmanIbnMurahhal.MatnMuwattatFasih,متن موطأة الفصيح نظم فصيح ثعلب,Matn Muwattat Fasih,عبد الله بن محمد (سفيان) الحكمي :: دار الذخائر للنشر والتوزيع - الرياض,Shamela0037482,pri,12063.0,https://raw.githubusercontent.com/OpenITI/0700AH/master/data/0699IbnCabdRahmanIbnMurahhal/0699IbnCabdRahmanIbnMurahhal.MatnMuwattatFasih/0699IbnCabdRahmanIbnMurahhal.MatnMuwattatFasih.Shamela0037482-ara1,CENT0700 :: _LUGHA :: GAL@nodata :: Shamela@كتب اللغة,Ibn Cabd Rahman Ibn Murahhal,,,49346.0,0699IbnCabdRahmanIbnMurahhal
0678IbnAhmadCizzDinMuqaddasi.TalkhisCibara.Shamela0037484-ara1,678,عز الدين عبد السلام بن أحمد بن غانم بن علي المقدسي الشافعي (المتوفى: 678هـ),Ibn Ahmad Cizz Din Muqaddasi,0678IbnAhmadCizzDinMuqaddasi.TalkhisCibara,تلخيص العبارة في نحو أهل الإشارة,Talkhis Cibara,الدكتور خالد زهري :: دار الكتب العلمية، بيروت - لبنان,Shamela0037484,pri,2958.0,https://raw.githubusercontent.com/OpenITI/0700AH/master/data/0678IbnAhmadCizzDinMuqaddasi/0678IbnAhmadCizzDinMuqaddasi.TalkhisCibara/0678IbnAhmadCizzDinMuqaddasi.TalkhisCibara.Shamela0037484-ara1,CENT0700 :: _ADAB :: _ADHKAR :: _RAQAIQ :: GAL@nodata :: Shamela@الرقاق والآداب والأذكار,Ibn Ahmad Cizz Din Muqaddasi,,,13044.0,0678IbnAhmadCizzDinMuqaddasi
0676Nawawi.IdahFiManasikHajj.Shamela0096232-ara1,676,النووي :: محيي الدين أبو زكريا يحيى بن شرف بن مري بن حسن بن حسين بن محمد بن جمعة بن حزام الحزامي، الدمشقي,"Nawawi :: al-Nawawī :: Muḥyī al-dīn Abū Zakariyyā Yaḥyá b. Šaraf b. Murī b. Ḥasan b. Ḥusayn b. Muḥammad b. Ǧumʿaŧ b. Ḥizām al-Ḥizāmī, al-Dimašqī",0676Nawawi.IdahFiManasikHajj,الإيضاح في مناسك الحج والعمرة,Idah Fi Manasik Hajj,دار البشائر الإسلامية، بيروت - المكتبة الأمدادية، مكة المكرمة,Shamela0096232,pri,45519.0,https://raw.githubusercontent.com/OpenITI/0700AH/master/data/0676Nawawi/0676Nawawi.IdahFiManasikHajj/0676Nawawi.IdahFiManasikHajj.Shamela0096232-ara1,CENT0700 :: _FIQH :: GAL@literature-islamic :: GAL@1000-1258CE :: GAL@literature-arabic :: GAL@period-postclassical :: GAL@shafiis :: GAL@fiqh :: Shamela@فقه عام,Nawawi,al-Nawawī,"Muḥyī al-dīn Abū Zakariyyā Yaḥyá b. Šaraf b. Murī b. Ḥasan b. Ḥusayn b. Muḥammad b. Ǧumʿaŧ b. Ḥizām al-Ḥizāmī, al-Dimašqī",191594.0,0676Nawawi
0689AhmadIbnCabdRahmanIbnQudama.MukhtasarMinhajQasidin.Shamela0098087-ara1,689,نجم الدين، أبو العباس، أحمد بن عبد الرحمن بن قدامة المقدسي (المتوفى: 689هـ),Ahmad Ibn Cabd Rahman Ibn Qudama,0689AhmadIbnCabdRahmanIbnQudama.MukhtasarMinhajQasidin,مختصر منهاج القاصدين,Mukhtasar Minhaj Qasidin,1398 هـ - 1978 م :: مكتبة دار البيان، دمشق,Shamela0098087,pri,106506.0,https://raw.githubusercontent.com/OpenITI/0700AH/master/data/0689AhmadIbnCabdRahmanIbnQudama/0689AhmadIbnCabdRahmanIbnQudama.MukhtasarMinhajQasidin/0689AhmadIbnCabdRahmanIbnQudama.MukhtasarMinhajQasidin.Shamela0098087-ara1,CENT0700 :: _ADAB :: _ADHKAR :: _RAQAIQ :: GAL@literature-islamic :: GAL@1000-1258CE :: GAL@dogmatics :: GAL@literature-arabic :: GAL@period-postclassical :: Shamela@الرقاق والآداب والأذكار,Ahmad Ibn Cabd Rahman Ibn Qudama,,,443783.0,0689AhmadIbnCabdRahmanIbnQudama
0676IbnHasanMuhaqqiqHilli.RasailTisac.Shia000053-ara1,676,المحقق الحلي,Ibn Hasan Muhaqqiq Hilli,0676IbnHasanMuhaqqiqHilli.RasailTisac,الرسائل التسع,Rasail Tisac,رضا الأستادي :: 1413 - 1371 ش,Shia000053,pri,71773.0,https://raw.githubusercontent.com/OpenITI/0700AH/master/data/0676IbnHasanMuhaqqiqHilli/0676IbnHasanMuhaqqiqHilli.RasailTisac/0676IbnHasanMuhaqqiqHilli.RasailTisac.Shia000053-ara1,CENT0700 :: _BEFORE800 :: _FIQH :: _SHICI :: GAL@nodata :: Shia@فقه الشيعة الى القرن الثامن,Ibn Hasan Muhaqqiq Hilli,,,301434.0,0676IbnHasanMuhaqqiqHilli
0676IbnHasanMuhaqqiqHilli.MukhtasarNafic.Shia000054-ara1,676,المحقق الحلي,Ibn Hasan Muhaqqiq Hilli,0676IbnHasanMuhaqqiqHilli.MukhtasarNafic,المختصر النافع,Mukhtasar Nafic,1402 - 1410,Shia000054,pri,65872.0,https://raw.githubusercontent.com/OpenITI/0700AH/master/data/0676IbnHasanMuhaqqiqHilli/0676IbnHasanMuhaqqiqHilli.MukhtasarNafic/0676IbnHasanMuhaqqiqHilli.MukhtasarNafic.Shia000054-ara1,CENT0700 :: _BEFORE800 :: _FIQH :: _SHICI :: GAL@nodata :: Shia@فقه الشيعة الى القرن الثامن,Ibn Hasan Muhaqqiq Hilli,,,282299.0,0676IbnHasanMuhaqqiqHilli
0676IbnHasanMuhaqqiqHilli.MuctabarFiSharhMukhtasar.Shia000055Vols-ara1,676,المحقق الحلي,Ibn Hasan Muhaqqiq Hilli,0676IbnHasanMuhaqqiqHilli.MuctabarFiSharhMukhtasar,المعتبر,Muctabar Fi Sharh Mukhtasar,تحقيق وتصحيح : عدة من الأفاضل / إشراف : ناصر مكارم شيرازي :: 1364/3/14 ش,Shia000055Vols,pri,323205.0,https://raw.githubusercontent.com/OpenITI/0700AH/master/data/0676IbnHasanMuhaqqiqHilli/0676IbnHasanMuhaqqiqHilli.MuctabarFiSharhMukhtasar/0676IbnHasanMuhaqqiqHilli.MuctabarFiSharhMukhtasar.Shia000055Vols-ara1,CENT0700 :: _BEFORE800 :: _FIQH :: _SHICI :: GAL@nodata :: Shia@فقه الشيعة الى القرن الثامن,Ibn Hasan Muhaqqiq Hilli,,,1310466.0,0676IbnHasanMuhaqqiqHilli
0676IbnHasanMuhaqqiqHilli.SharaicIslam.Shia000057Vols-ara1,676,المحقق الحلي,Ibn Hasan Muhaqqiq Hilli,0676IbnHasanMuhaqqiqHilli.SharaicIslam,شرائع الإسلام,Sharaic Islam,مع تعليقات : السيد صادق الشيرازي :: 1409,Shia000057Vols,pri,370649.0,https://raw.githubusercontent.com/OpenITI/0700AH/master/data/0676IbnHasanMuhaqqiqHilli/0676IbnHasanMuhaqqiqHilli.SharaicIslam/0676IbnHasanMuhaqqiqHilli.SharaicIslam.Shia000057Vols-ara1,CENT0700 :: _BEFORE800 :: _FIQH :: _SHICI :: GAL@literature-islamic :: GAL@1000-1258CE :: GAL@imamis :: GAL@shia :: GAL@literature-arabic :: GAL@period-postclassical :: GAL@fiqh :: Shia@فقه الشيعة الى القرن الثامن,Ibn Hasan Muhaqqiq Hilli,,,1541810.0,0676IbnHasanMuhaqqiqHilli
0689IbnSacidYahyaHilli.JamicLiSharaic.Shia000061-ara1,689,يحيى بن سعيد الحلي,Ibn Sacid Yahya Hilli,0689IbnSacidYahyaHilli.JamicLiSharaic,الجامع للشرايع,Jamic Li Sharaic,تحقيق وتخريج : جمع من الفضلاء / إشراف : الشيخ جعفر السبحاني :: محرم الحرام 1405,Shia000061,pri,144989.0,https://raw.githubusercontent.com/OpenITI/0700AH/master/data/0689IbnSacidYahyaHilli/0689IbnSacidYahyaHilli.JamicLiSharaic/0689IbnSacidYahyaHilli.JamicLiSharaic.Shia000061-ara1,CENT0700 :: _BEFORE800 :: _FIQH :: _SHICI :: GAL@literature-islamic :: GAL@1000-1258CE :: GAL@imamis :: GAL@shia :: GAL@literature-arabic :: GAL@period-postclassical :: GAL@fiqh :: Shia@فقه الشيعة الى القرن الثامن,Ibn Sacid Yahya Hilli,,,603238.0,0689IbnSacidYahyaHilli
0689IbnSacidYahyaHilli.NuzhatNazir.Shia000062-ara1,689,يحيى بن سعيد الحلي,Ibn Sacid Yahya Hilli,0689IbnSacidYahyaHilli.NuzhatNazir,نزهة الناظر في الجمع بين الأشباه والنظائر,Nuzhat Nazir,"مطبعة الآداب النجف, :: http://www.worldcat.org/oclc/907822126",Shia000062,pri,38344.0,https://raw.githubusercontent.com/OpenITI/0700AH/master/data/0689IbnSacidYahyaHilli/0689IbnSacidYahyaHilli.NuzhatNazir/0689IbnSacidYahyaHilli.NuzhatNazir.Shia000062-ara1.completed,COMPLETED :: CENT0700 :: _BEFORE800 :: _FIQH :: _SHICI :: GAL@nodata :: NO_MAJOR_ISSUES :: Shia@أصول الفقه والقواعد الفقهية,Ibn Sacid Yahya Hilli,,,156135.0,0689IbnSacidYahyaHilli
0690IbnAbiTalibFadilYusufi.KashfRumuz.Shia000063Vols-ara1,690,الفاضل الآبي,Ibn Abi Talib Fadil Yusufi,0690IbnAbiTalibFadilYusufi.KashfRumuz,كشف الرموز,Kashf Rumuz,الشيخ علي پناه الإشتهاردي ، الحاج آغا حسين اليزدي :: ذي الحجة 1408,Shia000063Vols,pri,243170.0,https://raw.githubusercontent.com/OpenITI/0700AH/master/data/0690IbnAbiTalibFadilYusufi/0690IbnAbiTalibFadilYusufi.KashfRumuz/0690IbnAbiTalibFadilYusufi.KashfRumuz.Shia000063Vols-ara1,CENT0700 :: _BEFORE800 :: _FIQH :: _SHICI :: GAL@nodata :: Shia@فقه الشيعة الى القرن الثامن,Ibn Abi Talib Fadil Yusufi,,,1009032.0,0690IbnAbiTalibFadilYusufi
0676Nawawi.Majmuc.Shia000841Vols-ara1,676,النووي :: محيي الدين أبو زكريا يحيى بن شرف بن مري بن حسن بن حسين بن محمد بن جمعة بن حزام الحزامي، الدمشقي,"Nawawi :: al-Nawawī :: Muḥyī al-dīn Abū Zakariyyā Yaḥyá b. Šaraf b. Murī b. Ḥasan b. Ḥusayn b. Muḥammad b. Ǧumʿaŧ b. Ḥizām al-Ḥizāmī, al-Dimašqī",0676Nawawi.Majmuc,المجموع,Majmuc,,Shia000841Vols,pri,2807252.0,https://raw.githubusercontent.com/OpenITI/0700AH/master/data/0676Nawawi/0676Nawawi.Majmuc/0676Nawawi.Majmuc.Shia000841Vols-ara1,CENT0700 :: _FIQH :: _SHAFICI :: GAL@literature-islamic :: GAL@1000-1258CE :: GAL@literature-arabic :: GAL@period-postclassical :: GAL@shafiis :: GAL@fiqh :: Shia@فقه المذهب الشافعي,Nawawi,al-Nawawī,"Muḥyī al-dīn Abū Zakariyyā Yaḥyá b. Šaraf b. Murī b. Ḥasan b. Ḥusayn b. Muḥammad b. Ǧumʿaŧ b. Ḥizām al-Ḥizāmī, al-Dimašqī",11672026.0,0676Nawawi
0677JamalDinAhmadAlTawus.CaynCibra.Shia001378-ara1,677,السيد أحمد آل طاووس,Jamal Din Ahmad Al Tawus,0677JamalDinAhmadAlTawus.CaynCibra,عين العبرة في غبن العترة,Cayn Cibra,,Shia001378,pri,19055.0,https://raw.githubusercontent.com/OpenITI/0700AH/master/data/0677JamalDinAhmadAlTawus/0677JamalDinAhmadAlTawus.CaynCibra/0677JamalDinAhmadAlTawus.CaynCibra.Shia001378-ara1,CENT0700 :: _HADITH :: _SHICI :: GAL@nodata :: Shia@مصادر الحديث الشيعية ـ القسم العام,Jamal Din Ahmad Al Tawus,,,78531.0,0677JamalDinAhmadAlTawus
0699IbnMaythamBahrani.SharhMiatKalima.Shia001379-ara1,699,ابن ميثم البحراني,Ibn Maytham Bahrani,0699IbnMaythamBahrani.SharhMiatKalima,شرح مئة كلمة لأمير المؤمنين,Sharh Miat Kalima,تصحيح وتعليق : مير جلال الدين الحسيني الأرموي المحدث,Shia001379,pri,73998.0,https://raw.githubusercontent.com/OpenITI/0700AH/master/data/0699IbnMaythamBahrani/0699IbnMaythamBahrani.SharhMiatKalima/0699IbnMaythamBahrani.SharhMiatKalima.Shia001379-ara1,CENT0700 :: _HADITH :: _SHICI :: GAL@nodata :: Shia@مصادر الحديث الشيعية ـ القسم العام,Ibn Maytham Bahrani,,,322258.0,0699IbnMaythamBahrani
0693CabdKarimIbnTawus.FarhatGhari.Shia001380-ara1,693,السيد ابن طاووس,Cabd Karim Ibn Tawus,0693CabdKarimIbnTawus.FarhatGhari,فرحة الغري,Farhat Ghari,السيد تحسين آل شبيب الموسوي :: 1419 - 1998 م,Shia001380,pri,40214.0,https://raw.githubusercontent.com/OpenITI/0700AH/master/data/0693CabdKarimIbnTawus/0693CabdKarimIbnTawus.FarhatGhari/0693CabdKarimIbnTawus.FarhatGhari.Shia001380-ara1,CENT0700 :: _HADITH :: _SHICI :: GAL@historiography :: GAL@literature-islamic :: GAL@1000-1258CE :: GAL@history :: GAL@history-individuals :: GAL@literature-arabic :: GAL@period-postclassical :: Shia@مصادر الحديث الشيعية ـ القسم العام,Cabd Karim Ibn Tawus,,,163295.0,0693CabdKarimIbnTawus
0676Nawawi.MinhajFiSharhMuslim.Shia001764Vols-ara1,676,النووي :: محيي الدين أبو زكريا يحيى بن شرف بن مري بن حسن بن حسين بن محمد بن جمعة بن حزام الحزامي، الدمشقي,"Nawawi :: al-Nawawī :: Muḥyī al-dīn Abū Zakariyyā Yaḥyá b. Šaraf b. Murī b. Ḥasan b. Ḥusayn b. Muḥammad b. Ǧumʿaŧ b. Ḥizām al-Ḥizāmī, al-Dimašqī",0676Nawawi.MinhajFiSharhMuslim,شرح مسلم,Minhaj Fi Sharh Muslim,1407 - 1987 م,Shia001764Vols,pri,753484.0,https://raw.githubusercontent.com/OpenITI/0700AH/master/data/0676Nawawi/0676Nawawi.MinhajFiSharhMuslim/0676Nawawi.MinhajFiSharhMuslim.Shia001764Vols-ara1,CENT0700 :: _FIQH :: _HADITH :: _SHARH :: _SUNNI :: _TARAJIM :: GAL@literature-islamic :: GAL@1000-1258CE :: GAL@literature-arabic :: GAL@period-postclassical :: GAL@shafiis :: GAL@fiqh :: Shia@مصادر الحديث السنية ـ قسم الفقه,Nawawi,al-Nawawī,"Muḥyī al-dīn Abū Zakariyyā Yaḥyá b. Šaraf b. Murī b. Ḥasan b. Ḥusayn b. Muḥammad b. Ǧumʿaŧ b. Ḥizām al-Ḥizāmī, al-Dimašqī",3172653.0,0676Nawawi
0683IbnMunayyir.Insaf.Shia002374Vols-ara1,683,ابن المنير الإسكندري,Ibn Munayyir,0683IbnMunayyir.Insaf,الإنصاف فيما تضمنه الكشاف,Insaf,1385 - 1966 م,Shia002374Vols,pri,149118.0,https://raw.githubusercontent.com/OpenITI/0700AH/master/data/0683IbnMunayyir/0683IbnMunayyir.Insaf/0683IbnMunayyir.Insaf.Shia002374Vols-ara1,CENT0700 :: _QURAN :: _SHICI :: _TAFSIR :: GAL@nodata :: Shia@مصادر التفسير عند الشيعة,Ibn Munayyir,,,631995.0,0683IbnMunayyir
0676Nawawi.Tibyan.Shia002636-ara1,676,النووي :: محيي الدين أبو زكريا يحيى بن شرف بن مري بن حسن بن حسين بن محمد بن جمعة بن حزام الحزامي، الدمشقي,"Nawawi :: al-Nawawī :: Muḥyī al-dīn Abū Zakariyyā Yaḥyá b. Šaraf b. Murī b. Ḥasan b. Ḥusayn b. Muḥammad b. Ǧumʿaŧ b. Ḥizām al-Ḥizāmī, al-Dimašqī",0676Nawawi.Tibyan,التبيان في آداب حملة القرآن,Tibyan,محمد الحجار :: 1414,Shia002636,pri,23585.0,https://raw.githubusercontent.com/OpenITI/0700AH/master/data/0676Nawawi/0676Nawawi.Tibyan/0676Nawawi.Tibyan.Shia002636-ara1,CENT0700 :: _CULUM :: _QURAN :: _SUNNI :: _TAFSIR :: GAL@literature-islamic :: GAL@1000-1258CE :: GAL@literature-arabic :: GAL@period-postclassical :: GAL@shafiis :: GAL@fiqh :: Shia@مصادر التفسير عند السنة,Nawawi,al-Nawawī,"Muḥyī al-dīn Abū Zakariyyā Yaḥyá b. Šaraf b. Murī b. Ḥasan b. Ḥusayn b. Muḥammad b. Ǧumʿaŧ b. Ḥizām al-Ḥizāmī, al-Dimašqī",99750.0,0676Nawawi
0676IbnHasanMuhaqqiqHilli.MacarijUsul.Shia002753-ara1,676,المحقق الحلي,Ibn Hasan Muhaqqiq Hilli,0676IbnHasanMuhaqqiqHilli.MacarijUsul,معارج الأصول,Macarij Usul,إعداد : محمد حسين الرضوي :: 1403,Shia002753,pri,34228.0,https://raw.githubusercontent.com/OpenITI/0700AH/master/data/0676IbnHasanMuhaqqiqHilli/0676IbnHasanMuhaqqiqHilli.MacarijUsul/0676IbnHasanMuhaqqiqHilli.MacarijUsul.Shia002753-ara1,CENT0700 :: _FIQH :: _SHICI :: _USUL :: GAL@literature-islamic :: GAL@1000-1258CE :: GAL@imamis :: GAL@shia :: GAL@literature-arabic :: GAL@period-postclassical :: GAL@fiqh :: Shia@أصول الفقه عند الشيعة,Ibn Hasan Muhaqqiq Hilli,,,145858.0,0676IbnHasanMuhaqqiqHilli
0693IbnAbiFathIrbili.KashfGhumma.Shia003707Vols-ara1,693,ابن أبي الفتح الإربلي,Ibn Abi Fath Irbili,0693IbnAbiFathIrbili.KashfGhumma,كشف الغمة,Kashf Ghumma,1405 - 1985 م :: http://www.worldcat.org/oclc/754753757,Shia003707Vols,pri,307699.0,https://raw.githubusercontent.com/OpenITI/0700AH/master/data/0693IbnAbiFathIrbili/0693IbnAbiFathIrbili.KashfGhumma/0693IbnAbiFathIrbili.KashfGhumma.Shia003707Vols-ara1.completed,COMPLETED :: CENT0700 :: PPE :: _IMAM :: _NABI :: _SIRA :: GAL@literature-islamic :: GAL@1000-1258CE :: GAL@imamis :: GAL@shia :: GAL@literature-arabic :: GAL@period-postclassical :: EDITORIAL_SECTIONS :: PARATEXT :: Shia@مصادر سيرة النبي والائمة,Ibn Abi Fath Irbili,,,1256486.0,0693IbnAbiFathIrbili
0686RadiDinAstarabadhi.SharhShafiyaIbnHajib.Shia003932Vols-ara1,686,رضي الدين الأستراباذي,Radi Din Astarabadhi,0686RadiDinAstarabadhi.SharhShafiyaIbnHajib,شرح شافية ابن الحاجب,Sharh Shafiya Ibn Hajib,تحقيق وضبط وشرح : محمد نور الحسن ، محمد الزفزاف ، محمد محيي الدين عبد الحميد :: 1395 - 1975 م,Shia003932Vols,pri,375484.0,https://raw.githubusercontent.com/OpenITI/0700AH/master/data/0686RadiDinAstarabadhi/0686RadiDinAstarabadhi.SharhShafiyaIbnHajib/0686RadiDinAstarabadhi.SharhShafiyaIbnHajib.Shia003932Vols-ara1,CENT0700 :: _LUGHA :: _NAHW :: _SARF :: _SARF :: GAL@literature-islamic :: GAL@1000-1258CE :: GAL@literature-arabic :: GAL@philology :: GAL@period-postclassical :: Shia@علوم اللغة العربية,Radi Din Astarabadhi,,,1583009.0,0686RadiDinAstarabadhi
0676IbnHasanMuhaqqiqHilli.MaslakFiUsuslDin.Shia004008-ara1,676,المحقق الحلي,Ibn Hasan Muhaqqiq Hilli,0676IbnHasanMuhaqqiqHilli.MaslakFiUsuslDin,المسلك في أصول الدين,Maslak Fi Ususl Din,رضا الأستادي :: 1421 - 1379 ش,Shia004008,pri,58330.0,https://raw.githubusercontent.com/OpenITI/0700AH/master/data/0676IbnHasanMuhaqqiqHilli/0676IbnHasanMuhaqqiqHilli.MaslakFiUsuslDin/0676IbnHasanMuhaqqiqHilli.MaslakFiUsuslDin.Shia004008-ara1,CENT0700 :: _CAQAID :: _SHICI :: _TWELVERS :: GAL@nodata :: Shia@من مصادر العقائد عند الشيعة الإمامية,Ibn Hasan Muhaqqiq Hilli,,,245759.0,0676IbnHasanMuhaqqiqHilli
0699IbnMaythamBahrani.NajatFiQiyama.Shia004009-ara1,699,ابن ميثم البحراني,Ibn Maytham Bahrani,0699IbnMaythamBahrani.NajatFiQiyama,النجاة في القيامة في تحقيق أمر الإمامة,Najat Fi Qiyama,ربيع الثاني 1417,Shia004009,pri,40417.0,https://raw.githubusercontent.com/OpenITI/0700AH/master/data/0699IbnMaythamBahrani/0699IbnMaythamBahrani.NajatFiQiyama/0699IbnMaythamBahrani.NajatFiQiyama.Shia004009-ara1,CENT0700 :: _CAQAID :: _SHICI :: _TWELVERS :: GAL@nodata :: Shia@من مصادر العقائد عند الشيعة الإمامية,Ibn Maytham Bahrani,,,171607.0,0699IbnMaythamBahrani
0699IbnMaythamBahrani.QawacidMaram.Shia004010-ara1,699,ابن ميثم البحراني,Ibn Maytham Bahrani,0699IbnMaythamBahrani.QawacidMaram,قواعد المرام في علم الكلام,Qawacid Maram,تحقيق : السيد أحمد الحسيني / بإهتمام : السيد محمود المرعشي :: 1406,Shia004010,pri,35402.0,https://raw.githubusercontent.com/OpenITI/0700AH/master/data/0699IbnMaythamBahrani/0699IbnMaythamBahrani.QawacidMaram/0699IbnMaythamBahrani.QawacidMaram.Shia004010-ara1,CENT0700 :: _CAQAID :: _SHICI :: _TWELVERS :: GAL@literature-islamic :: GAL@1000-1258CE :: GAL@imamis :: GAL@shia :: GAL@literature-arabic :: GAL@period-postclassical :: GAL@fiqh :: Shia@من مصادر العقائد عند الشيعة الإمامية,Ibn Maytham Bahrani,,,153596.0,0699IbnMaythamBahrani
0697MutahharIbnYahyaHusayni.SilatIkhwan.Zaydiyya0000355-ara1,697,,Mutahhar Ibn Yahya Husayni,0697MutahharIbnYahyaHusayni.SilatIkhwan,صلة الإخوان(بالحواشي الكامة) :: صلة الإخوان,Silat Ikhwan,(مؤسسة الإمام زيد بن علي(ع) الثقافية),Zaydiyya0000355,pri,77748.0,https://raw.githubusercontent.com/OpenITI/0700AH/master/data/0697MutahharIbnYahyaHusayni/0697MutahharIbnYahyaHusayni.SilatIkhwan/0697MutahharIbnYahyaHusayni.SilatIkhwan.Zaydiyya0000355-ara1,:: Zaydiyya@الشبه جاهزة,Mutahhar Ibn Yahya Husayni,,,327654.0,0697MutahharIbnYahyaHusayni
